DRUG_NAME,CELL_LINE_NAME,LN_IC50,DRUG_CANONICAL,SOURCE,IC50_scaled
Venetoclax,PFSK-1,-0.070185,Venetoclax,GDSC2,0.39114410572537034
Venetoclax,A673,1.723062,Venetoclax,GDSC2,0.4971190081399623
Venetoclax,ES5,1.510682,Venetoclax,GDSC2,0.4845680601808629
Venetoclax,ES7,1.511231,Venetoclax,GDSC2,0.4846005042454149
Venetoclax,EW-11,1.508022,Venetoclax,GDSC2,0.48441086307392633
Venetoclax,SK-ES-1,0.88715,Venetoclax,GDSC2,0.44771940360852497
Venetoclax,COLO-829,2.203167,Venetoclax,GDSC2,0.5254916085256078
Venetoclax,5637,2.109072,Venetoclax,GDSC2,0.5199309086093659
Venetoclax,RT4,3.049202,Venetoclax,GDSC2,0.5754894485132556
Venetoclax,SW780,2.060963,Venetoclax,GDSC2,0.5170878275501122
Venetoclax,TCCSUP,2.654051,Venetoclax,GDSC2,0.5521373455045632
Venetoclax,C-33-A,2.466909,Venetoclax,GDSC2,0.5410778789683461
Venetoclax,C-4-I,1.664051,Venetoclax,GDSC2,0.4936316553288953
Venetoclax,ME-180,1.780562,Venetoclax,GDSC2,0.5005170659026904
Venetoclax,42-MG-BA,2.768106,Venetoclax,GDSC2,0.5588776146893973
Venetoclax,8-MG-BA,1.934227,Venetoclax,GDSC2,0.5095981536611187
Venetoclax,A172,2.323274,Venetoclax,GDSC2,0.5325895306770512
Venetoclax,GB-1,3.232005,Venetoclax,GDSC2,0.5862924946558643
Venetoclax,T98G,2.367434,Venetoclax,GDSC2,0.5351992390388264
Venetoclax,U-118-MG,3.334941,Venetoclax,GDSC2,0.5923756681143719
Venetoclax,U-87-MG,2.780598,Venetoclax,GDSC2,0.5596158501254321
Venetoclax,YKG-1,1.832867,Venetoclax,GDSC2,0.5036081165336382
Venetoclax,ChaGo-K-1,2.912402,Venetoclax,GDSC2,0.5674050258707996
Venetoclax,NCI-H720,0.633827,Venetoclax,GDSC2,0.4327488612323929
Venetoclax,Calu-3,2.051192,Venetoclax,GDSC2,0.5165103941170753
Venetoclax,COR-L23,2.014378,Venetoclax,GDSC2,0.514334809795735
Venetoclax,LK-2,1.873667,Venetoclax,GDSC2,0.5060192601287566
Venetoclax,NCI-H1437,1.533827,Venetoclax,GDSC2,0.48593585230118197
Venetoclax,NCI-H1623,1.755712,Venetoclax,GDSC2,0.4990485139826244
Venetoclax,NCI-H1648,3.479652,Venetoclax,GDSC2,0.6009276044083225
Venetoclax,NCI-H1650,2.624499,Venetoclax,GDSC2,0.5503909211044912
Venetoclax,NCI-H1693,1.617261,Venetoclax,GDSC2,0.4908665227598856
Venetoclax,NCI-H1770,0.640972,Venetoclax,GDSC2,0.43317110684482235
Venetoclax,NCI-H1838,3.779533,Venetoclax,GDSC2,0.6186495689290997
Venetoclax,NCI-H2085,3.438702,Venetoclax,GDSC2,0.5985075963146925
Venetoclax,NCI-H2170,2.806933,Venetoclax,GDSC2,0.5611721605807617
Venetoclax,NCI-H2228,3.366279,Venetoclax,GDSC2,0.5942276391433872
Venetoclax,NCI-H2342,2.724761,Venetoclax,GDSC2,0.5563160701028678
Venetoclax,NCI-H2347,2.487809,Venetoclax,GDSC2,0.542312999094277
Venetoclax,NCI-H2405,2.943774,Venetoclax,GDSC2,0.569259006186144
Venetoclax,NCI-H661,1.81105,Venetoclax,GDSC2,0.502318804773474
Venetoclax,COR-L311,-0.13528,Venetoclax,GDSC2,0.38729720885467833
Venetoclax,DMS-114,1.988627,Venetoclax,GDSC2,0.5128130117879434
Venetoclax,DMS-273,2.223787,Venetoclax,GDSC2,0.5267101815876505
Venetoclax,NCI-H1048,-0.871175,Venetoclax,GDSC2,0.3438082746407155
Venetoclax,NCI-H1092,-0.104134,Venetoclax,GDSC2,0.38913783332559887
Venetoclax,NCI-H1694,1.267284,Venetoclax,GDSC2,0.47018405212290615
Venetoclax,NCI-H1963,-3.266635,Venetoclax,GDSC2,0.2022445972788917
Venetoclax,NCI-H2029,1.889671,Venetoclax,GDSC2,0.5069650430232733
Venetoclax,NCI-H209,-2.384359,Venetoclax,GDSC2,0.2543841592035661
Venetoclax,NCI-H2141,1.479606,Venetoclax,GDSC2,0.4827315724759144
Venetoclax,NCI-H2171,0.1533,Venetoclax,GDSC2,0.40435132205760177
Venetoclax,NCI-H2227,1.622987,Venetoclax,GDSC2,0.4912049102163967
Venetoclax,NCI-H345,1.5322,Venetoclax,GDSC2,0.4858397020406609
Venetoclax,NCI-H446,1.035729,Venetoclax,GDSC2,0.4564999257707579
Venetoclax,NCI-H526,-0.947697,Venetoclax,GDSC2,0.3392860802734201
Venetoclax,NCI-H64,1.997446,Venetoclax,GDSC2,0.5133341852037607
Venetoclax,NCI-H69,1.317147,Venetoclax,GDSC2,0.4731307887180873
Venetoclax,NCI-H82,2.475249,Venetoclax,GDSC2,0.5415707450855837
Venetoclax,NCI-H2052,2.377073,Venetoclax,GDSC2,0.5357688717131731
Venetoclax,SK-N-DZ,1.544478,Venetoclax,GDSC2,0.4865652907921527
Venetoclax,SK-N-FI,1.865876,Venetoclax,GDSC2,0.5055588380760713
Venetoclax,VA-ES-BJ,3.51614,Venetoclax,GDSC2,0.6030839232195646
Venetoclax,VMRC-LCD,2.394612,Venetoclax,GDSC2,0.5368053679757904
Venetoclax,SBC-5,1.356966,Venetoclax,GDSC2,0.47548395849294073
Venetoclax,SBC-1,1.914419,Venetoclax,GDSC2,0.5084275670843516
Venetoclax,LU-135,2.456053,Venetoclax,GDSC2,0.5404363256627431
Venetoclax,SK-N-SH,0.498232,Venetoclax,GDSC2,0.4247356500613124
Venetoclax,NCI-H2030,3.20723,Venetoclax,GDSC2,0.5848283749850539
Venetoclax,NCI-H2122,0.757118,Venetoclax,GDSC2,0.44003494713890634
Venetoclax,NCI-H1734,2.254358,Venetoclax,GDSC2,0.5285168254809438
Venetoclax,NCI-H650,1.717511,Venetoclax,GDSC2,0.49679096259838135
Venetoclax,T24,3.453023,Venetoclax,GDSC2,0.5993539195359104
Venetoclax,NCI-H929,0.704903,Venetoclax,GDSC2,0.4369492152070654
Venetoclax,SK-N-AS,3.114447,Venetoclax,GDSC2,0.579345209882459
Venetoclax,NCI-H1299,2.97154,Venetoclax,GDSC2,0.570899883957273
Venetoclax,NCI-H2087,3.54268,Venetoclax,GDSC2,0.6046523484895265
Venetoclax,UM-UC-3,1.932091,Venetoclax,GDSC2,0.5094719232023155
Venetoclax,SW756,3.52972,Venetoclax,GDSC2,0.603886455818136
Venetoclax,NCI-H727,3.950228,Venetoclax,GDSC2,0.628737072751863
Venetoclax,Calu-6,4.011616,Venetoclax,GDSC2,0.6323648983160084
Venetoclax,LU-65,3.998772,Venetoclax,GDSC2,0.6316058608568
Venetoclax,NCI-H1355,2.521465,Venetoclax,GDSC2,0.5443019561736226
Venetoclax,NCI-H1792,1.828623,Venetoclax,GDSC2,0.5033573103224206
Venetoclax,HPAF-II,3.146067,Venetoclax,GDSC2,0.5812138461686758
Venetoclax,MIA-PaCa-2,3.237991,Venetoclax,GDSC2,0.5866462472431285
Venetoclax,SHP-77,0.43674,Venetoclax,GDSC2,0.4211016784448658
Venetoclax,NCI-H2009,3.451903,Venetoclax,GDSC2,0.5992877312803582
Venetoclax,NCI-H2291,3.074215,Venetoclax,GDSC2,0.5769676331883706
Venetoclax,SW1573,4.011675,Venetoclax,GDSC2,0.6323683850187563
Venetoclax,TE-5,2.189371,Venetoclax,GDSC2,0.52467631104918
Venetoclax,HCC1954,1.971214,Venetoclax,GDSC2,0.5117839617040758
Venetoclax,HCC1143,3.910819,Venetoclax,GDSC2,0.6264081326062741
Venetoclax,HCC1187,2.270133,Venetoclax,GDSC2,0.5294490752410661
Venetoclax,HCC1395,2.663474,Venetoclax,GDSC2,0.5526942133010535
Venetoclax,HCC1599,3.387655,Venetoclax,GDSC2,0.5954908892779276
Venetoclax,HCC1937,2.848458,Venetoclax,GDSC2,0.5636261492520189
Venetoclax,HCC2157,0.235767,Venetoclax,GDSC2,0.4092248460492349
Venetoclax,HCC2218,3.227945,Venetoclax,GDSC2,0.5860525622294872
Venetoclax,HCC38,3.942789,Venetoclax,GDSC2,0.628297452722351
Venetoclax,BB30-HNC,2.505093,Venetoclax,GDSC2,0.5433344257094247
Venetoclax,BB49-HNC,2.013723,Venetoclax,GDSC2,0.5142961014855683
Venetoclax,BB65-RCC,2.33841,Venetoclax,GDSC2,0.5334840176735147
Venetoclax,BEN,2.186174,Venetoclax,GDSC2,0.5244873790375723
Venetoclax,BHY,3.044686,Venetoclax,GDSC2,0.5752225680114037
Venetoclax,Ca9-22,2.656865,Venetoclax,GDSC2,0.5523036434966383
Venetoclax,CADO-ES1,-0.95261,Venetoclax,GDSC2,0.33899573839884123
Venetoclax,CAL-12T,2.139528,Venetoclax,GDSC2,0.5217307563871337
Venetoclax,CAL-33,1.779961,Venetoclax,GDSC2,0.5004815488119879
Venetoclax,CP50-MEL-B,2.461814,Venetoclax,GDSC2,0.5407767815022402
Venetoclax,CP66-MEL,2.64995,Venetoclax,GDSC2,0.5518949901152598
Venetoclax,CPC-N,2.512128,Venetoclax,GDSC2,0.5437501706896124
Venetoclax,CTV-1,1.933699,Venetoclax,GDSC2,0.5095669506263585
Venetoclax,D-542MG,2.667684,Venetoclax,GDSC2,0.5529430102259418
Venetoclax,DMS-79,2.265866,Venetoclax,GDSC2,0.5291969098067433
Venetoclax,DSH1,2.624155,Venetoclax,GDSC2,0.5503705918545715
Venetoclax,EBC-1,1.693172,Venetoclax,GDSC2,0.4953526090699111
Venetoclax,EC-GI-10,1.386429,Venetoclax,GDSC2,0.47722512329056266
Venetoclax,EPLC-272H,3.362544,Venetoclax,GDSC2,0.5940069131304516
Venetoclax,HA7-RCC,2.352546,Venetoclax,GDSC2,0.5343194080132352
Venetoclax,HCE-4,2.83289,Venetoclax,GDSC2,0.5627061324998422
Venetoclax,HO-1-u-1,2.989379,Venetoclax,GDSC2,0.571954109216913
Venetoclax,HSC-2,2.85945,Venetoclax,GDSC2,0.564275739702939
Venetoclax,IM-9,0.603732,Venetoclax,GDSC2,0.43097034734770934
Venetoclax,IST-SL1,1.572077,Venetoclax,GDSC2,0.48819629942160553
Venetoclax,IST-SL2,-1.484758,Venetoclax,GDSC2,0.3075475707063146
Venetoclax,J82,2.434106,Venetoclax,GDSC2,0.5391393313372024
Venetoclax,KNS-62,2.289633,Venetoclax,GDSC2,0.5306014600475566
Venetoclax,KOSC-2,2.205703,Venetoclax,GDSC2,0.5256414776471083
Venetoclax,KP-4,2.976972,Venetoclax,GDSC2,0.5712208969967015
Venetoclax,KYSE-140,2.424467,Venetoclax,GDSC2,0.5385696986628556
Venetoclax,KYSE-410,3.347238,Venetoclax,GDSC2,0.5931023797023418
Venetoclax,KYSE-520,3.103309,Venetoclax,GDSC2,0.5786869913196543
Venetoclax,KYSE-70,3.012313,Venetoclax,GDSC2,0.5733094319426593
Venetoclax,LB1047-RCC,3.189427,Venetoclax,GDSC2,0.5837762772050565
Venetoclax,LB2241-RCC,1.814551,Venetoclax,GDSC2,0.5025257021687316
Venetoclax,LB2518-MEL,3.365048,Venetoclax,GDSC2,0.5941548911589364
Venetoclax,LB373-MEL-D,3.239738,Venetoclax,GDSC2,0.5867494891024586
Venetoclax,LB647-SCLC,1.907588,Venetoclax,GDSC2,0.5080238778221394
Venetoclax,LB771-HNC,1.387126,Venetoclax,GDSC2,0.47726631366031264
Venetoclax,LB831-BLC,2.263512,Venetoclax,GDSC2,0.5290577962767702
Venetoclax,LB996-RCC,1.926546,Venetoclax,GDSC2,0.5091442322406751
Venetoclax,LCLC-103H,3.775222,Venetoclax,GDSC2,0.6183948032418802
Venetoclax,LU-134-A,1.830011,Venetoclax,GDSC2,0.50343933648198
Venetoclax,LU-165,3.837719,Venetoclax,GDSC2,0.6220881669983537
Venetoclax,LXF-289,2.353149,Venetoclax,GDSC2,0.5343550432972513
Venetoclax,MS-1,1.360364,Venetoclax,GDSC2,0.4756847689325538
Venetoclax,MZ1-PC,8.845255,Venetoclax,GDSC2,0.9180168031190644
Venetoclax,MZ7-mel,3.1382,Venetoclax,GDSC2,0.5807489327700778
Venetoclax,NCI-H1563,1.7703,Venetoclax,GDSC2,0.49991061601119285
Venetoclax,NCI-H292,3.093562,Venetoclax,GDSC2,0.5781109762063794
Venetoclax,NCI-H510A,-0.898909,Venetoclax,GDSC2,0.34216928796260243
Venetoclax,NCI-H835,2.432123,Venetoclax,GDSC2,0.5390221426668808
Venetoclax,PC-14,2.091626,Venetoclax,GDSC2,0.5188999083358258
Venetoclax,SBC-3,2.484128,Venetoclax,GDSC2,0.5420954643008057
Venetoclax,SK-MM-2,-6.688903,Venetoclax,GDSC2,0.0
Venetoclax,U-266,2.562674,Venetoclax,GDSC2,0.546737270301349
Venetoclax,BE2-M17,1.661731,Venetoclax,GDSC2,0.49349455108525125
Venetoclax,KELLY,0.935088,Venetoclax,GDSC2,0.45055237913947566
Venetoclax,SIMA,0.366389,Venetoclax,GDSC2,0.416944169546332
Venetoclax,TE-1,2.299606,Venetoclax,GDSC2,0.5311908310052555
Venetoclax,TE-10,1.776532,Venetoclax,GDSC2,0.5002789063760158
Venetoclax,TE-8,1.834704,Venetoclax,GDSC2,0.5037166770920753
Venetoclax,CAPAN-1,5.307238,Venetoclax,GDSC2,0.7089318269188156
Venetoclax,OVCAR-3,1.646245,Venetoclax,GDSC2,0.49257938025892767
Venetoclax,PC-3,2.034149,Venetoclax,GDSC2,0.5155032097962027
Venetoclax,DU-145,3.219044,Venetoclax,GDSC2,0.5855265428878169
Venetoclax,HCT-116,1.641371,Venetoclax,GDSC2,0.4922913431539618
Venetoclax,HCT-15,2.343865,Venetoclax,GDSC2,0.5338063899360483
Venetoclax,HL-60,-4.528175,Venetoclax,GDSC2,0.12769180093120266
Venetoclax,HT-29,2.787383,Venetoclax,GDSC2,0.5600168209414341
Venetoclax,K-562,2.274352,Venetoclax,GDSC2,0.5296984040358653
Venetoclax,NCI-H226,4.964245,Venetoclax,GDSC2,0.68866208733253
Venetoclax,NCI-H23,2.460041,Venetoclax,GDSC2,0.5406720031298347
Venetoclax,NCI-H460,2.003907,Venetoclax,GDSC2,0.513716008702978
Venetoclax,NCI-H522,2.901927,Venetoclax,GDSC2,0.5667859883914157
Venetoclax,T47D,2.157161,Venetoclax,GDSC2,0.5227728077354848
Venetoclax,MCF7,3.114911,Venetoclax,GDSC2,0.5793726307311877
Venetoclax,786-0,2.075168,Venetoclax,GDSC2,0.5179272955591478
Venetoclax,A498,1.499474,Venetoclax,GDSC2,0.4839057048520862
Venetoclax,A549,1.904292,Venetoclax,GDSC2,0.5078290952415141
Venetoclax,ACHN,2.357492,Venetoclax,GDSC2,0.5346117000774866
Venetoclax,BT-549,4.761756,Venetoclax,GDSC2,0.6766956644052766
Venetoclax,CCRF-CEM,1.095292,Venetoclax,GDSC2,0.46001989993634707
Venetoclax,SK-MEL-28,2.895829,Venetoclax,GDSC2,0.5664256169785962
Venetoclax,SK-MEL-2,3.124624,Venetoclax,GDSC2,0.5799466365581336
Venetoclax,SK-MEL-5,2.581171,Venetoclax,GDSC2,0.5478303811611261
Venetoclax,Hs-578-T,3.827015,Venetoclax,GDSC2,0.6214555963845755
Venetoclax,MOLT-4,-0.03189,Venetoclax,GDSC2,0.3934072121953473
Venetoclax,SK-OV-3,2.470772,Venetoclax,GDSC2,0.5413061693533449
Venetoclax,MDA-MB-231,3.454595,Venetoclax,GDSC2,0.5994468194803106
Venetoclax,COLO-205,1.954425,Venetoclax,GDSC2,0.5107917879340159
Venetoclax,SW620,4.120572,Venetoclax,GDSC2,0.6388038336481093
Venetoclax,CAKI-1,3.004111,Venetoclax,GDSC2,0.5728247211640525
Venetoclax,RPMI-8226,0.853445,Venetoclax,GDSC2,0.4457275507929988
Venetoclax,SR,0.721962,Venetoclax,GDSC2,0.4379573450744459
Venetoclax,NCI-H322M,2.258197,Venetoclax,GDSC2,0.5287436975461804
Venetoclax,IGROV-1,2.757446,Venetoclax,GDSC2,0.5582476443285159
Venetoclax,OVCAR-5,3.994702,Venetoclax,GDSC2,0.6313653374638556
Venetoclax,EKVX,3.084384,Venetoclax,GDSC2,0.5775685870907912
Venetoclax,HCC2998,2.062581,Venetoclax,GDSC2,0.5171834459407225
Venetoclax,HOP-62,3.094742,Venetoclax,GDSC2,0.5781807102613362
Venetoclax,HOP-92,2.04403,Venetoclax,GDSC2,0.5160871438614812
Venetoclax,LOXIMVI,2.616424,Venetoclax,GDSC2,0.5499137156012907
Venetoclax,M14,1.840777,Venetoclax,GDSC2,0.5040755710884761
Venetoclax,UACC-62,3.218863,Venetoclax,GDSC2,0.5855158463929464
Venetoclax,UACC-257,3.09456,Venetoclax,GDSC2,0.5781699546698089
Venetoclax,RXF393,1.216143,Venetoclax,GDSC2,0.4671617900004073
Venetoclax,SN12C,3.195947,Venetoclax,GDSC2,0.5841615874070216
Venetoclax,TK10,4.617249,Venetoclax,GDSC2,0.6681557838293016
Venetoclax,U031,2.442853,Venetoclax,GDSC2,0.5396562497937342
Venetoclax,SNB75,3.601399,Venetoclax,GDSC2,0.6081224450768246
Venetoclax,U251,2.84061,Venetoclax,GDSC2,0.5631623586898991
Venetoclax,SF539,1.924944,Venetoclax,GDSC2,0.5090495593965726
Venetoclax,SF295,2.272789,Venetoclax,GDSC2,0.5296060359613758
Venetoclax,SF268,2.932446,Venetoclax,GDSC2,0.5685895592585583
Venetoclax,KM12,1.446233,Venetoclax,GDSC2,0.4807593397504269
Venetoclax,OVCAR-4,2.185889,Venetoclax,GDSC2,0.5244705364904005
Venetoclax,OVCAR-8,2.712415,Venetoclax,GDSC2,0.5555864627787175
Venetoclax,BxPC-3,3.600688,Venetoclax,GDSC2,0.6080804273538801
Venetoclax,BONNA-12,-2.356977,Venetoclax,GDSC2,0.25600234385850557
Venetoclax,BHT-101,1.998708,Venetoclax,GDSC2,0.5134087651845706
Venetoclax,Becker,2.516557,Venetoclax,GDSC2,0.5440119097823276
Venetoclax,BE-13,1.272331,Venetoclax,GDSC2,0.47048231294948856
Venetoclax,ARH-77,-0.087287,Venetoclax,GDSC2,0.3901334347017499
Venetoclax,AGS,2.021656,Venetoclax,GDSC2,0.5147649152635112
Venetoclax,ABC-1,2.073135,Venetoclax,GDSC2,0.5178071520559892
Venetoclax,A2058,1.43761,Venetoclax,GDSC2,0.4802497492793312
Venetoclax,A375,2.194757,Venetoclax,GDSC2,0.5249946056423983
Venetoclax,A253,2.792425,Venetoclax,GDSC2,0.5603147862847327
Venetoclax,8305C,2.436119,Venetoclax,GDSC2,0.5392582929072262
Venetoclax,647-V,1.438556,Venetoclax,GDSC2,0.4803056547166102
Venetoclax,639-V,2.771885,Venetoclax,GDSC2,0.5591009409552297
Venetoclax,697,-3.804957,Venetoclax,GDSC2,0.17043156682763322
Venetoclax,BT-20,2.016229,Venetoclax,GDSC2,0.5144441977073663
Venetoclax,A2780,2.59473,Venetoclax,GDSC2,0.5486316727299059
Venetoclax,COR-L105,4.429389,Venetoclax,GDSC2,0.6570538858935431
Venetoclax,CRO-AP2,1.814129,Venetoclax,GDSC2,0.502500763379586
Venetoclax,COR-L88,0.836206,Venetoclax,GDSC2,0.4447087835274045
Venetoclax,COLO-824,-1.73984,Venetoclax,GDSC2,0.29247307731097144
Venetoclax,COLO-800,2.304731,Venetoclax,GDSC2,0.5314937013710639
Venetoclax,COLO-792,2.310076,Venetoclax,GDSC2,0.5318095730013558
Venetoclax,COLO-680N,3.407018,Venetoclax,GDSC2,0.5966351778424442
Venetoclax,COLO-679,2.81529,Venetoclax,GDSC2,0.5616660313411638
Venetoclax,CHP-212,1.796362,Venetoclax,GDSC2,0.5014507930792315
Venetoclax,CFPAC-1,5.974072,Venetoclax,GDSC2,0.7483394869214433
Venetoclax,Ca-Ski,2.000186,Venetoclax,GDSC2,0.5134961100432368
Venetoclax,Caov-3,2.882158,Venetoclax,GDSC2,0.5656177065842614
Venetoclax,CAL-120,4.558706,Venetoclax,GDSC2,0.6646960882535904
Venetoclax,CAL-72,2.439393,Venetoclax,GDSC2,0.539451775361403
Venetoclax,CAL-62,2.563568,Venetoclax,GDSC2,0.5467901027124774
Venetoclax,C32,2.305382,Venetoclax,GDSC2,0.5315321732946037
Venetoclax,Daudi,1.682226,Venetoclax,GDSC2,0.4947057370652011
Venetoclax,DB,-3.807164,Venetoclax,GDSC2,0.17030114050620118
Venetoclax,Daoy,2.407032,Venetoclax,GDSC2,0.5375393484525397
Venetoclax,D-283MED,1.599353,Venetoclax,GDSC2,0.4898082198309303
Venetoclax,DBTRG-05MG,2.360051,Venetoclax,GDSC2,0.5347629284220922
Venetoclax,DEL,1.358289,Venetoclax,GDSC2,0.4755621433698118
Venetoclax,Detroit562,2.5093,Venetoclax,GDSC2,0.5435830453443429
Venetoclax,DG-75,2.062691,Venetoclax,GDSC2,0.5171899465729642
Venetoclax,DK-MG,1.632945,Venetoclax,GDSC2,0.4917933947242444
Venetoclax,DJM-1,2.778032,Venetoclax,GDSC2,0.5594642081042294
Venetoclax,DOHH-2,-3.542751,Venetoclax,GDSC2,0.18592706480561422
Venetoclax,DoTc2-4510,1.883768,Venetoclax,GDSC2,0.5066161954585188
Venetoclax,DU-4475,0.157032,Venetoclax,GDSC2,0.40457187078056706
Venetoclax,EB2,1.751898,Venetoclax,GDSC2,0.4988231193338063
Venetoclax,EB-3,2.894676,Venetoclax,GDSC2,0.5663574785333715
Venetoclax,ECC10,-0.981686,Venetoclax,GDSC2,0.3372774440073789
Venetoclax,ECC12,0.601177,Venetoclax,GDSC2,0.4308193553897307
Venetoclax,EFM-19,3.475248,Venetoclax,GDSC2,0.6006673427320259
Venetoclax,EFO-27,2.422497,Venetoclax,GDSC2,0.5384532782490717
Venetoclax,EM-2,1.529346,Venetoclax,GDSC2,0.48567104018231616
Venetoclax,EoL-1-cell,-4.432974,Venetoclax,GDSC2,0.13331786174980245
Venetoclax,ETK-1,3.280743,Venetoclax,GDSC2,0.5891727475122095
Venetoclax,EVSA-T,1.96384,Venetoclax,GDSC2,0.5113481829572522
Venetoclax,FADU,2.325921,Venetoclax,GDSC2,0.5327459595274502
Venetoclax,FTC-133,1.635044,Venetoclax,GDSC2,0.49191743860674825
Venetoclax,G-361,1.392077,Venetoclax,GDSC2,0.4775589012078477
Venetoclax,GAMG,2.520236,Venetoclax,GDSC2,0.5442293263824854
Venetoclax,GCIY,2.7386,Venetoclax,GDSC2,0.5571339087355355
Venetoclax,GDM-1,-3.660889,Venetoclax,GDSC2,0.178945503971298
Venetoclax,GI-1,1.556539,Venetoclax,GDSC2,0.4872780555691313
Venetoclax,GI-ME-N,3.474608,Venetoclax,GDSC2,0.6006295208717103
Venetoclax,GOTO,1.514471,Venetoclax,GDSC2,0.4847919774132626
Venetoclax,GR-ST,2.389638,Venetoclax,GDSC2,0.5365114212051502
Venetoclax,GCT,3.300355,Venetoclax,GDSC2,0.5903317511442551
Venetoclax,ESS-1,2.437477,Venetoclax,GDSC2,0.5393385461670833
Venetoclax,H4,1.673074,Venetoclax,GDSC2,0.49416488446268825
Venetoclax,H9,1.781808,Venetoclax,GDSC2,0.5005907003369924
Venetoclax,HC-1,1.362025,Venetoclax,GDSC2,0.475782928479404
Venetoclax,HCC1419,2.878985,Venetoclax,GDSC2,0.5654301928924155
Venetoclax,HCC1569,2.370403,Venetoclax,GDSC2,0.5353746970126967
Venetoclax,HCC1806,2.975559,Venetoclax,GDSC2,0.5711373934207236
Venetoclax,HCC70,2.566545,Venetoclax,GDSC2,0.5469660334596016
Venetoclax,HEC-1,2.506362,Venetoclax,GDSC2,0.5434094193668316
Venetoclax,HEL,2.050433,Venetoclax,GDSC2,0.5164655397546073
Venetoclax,HGC-27,1.129132,Venetoclax,GDSC2,0.46201973080053355
Venetoclax,HH,0.926477,Venetoclax,GDSC2,0.4500434978282608
Venetoclax,HLE,2.767268,Venetoclax,GDSC2,0.5588280916910466
Venetoclax,HMV-II,3.461815,Venetoclax,GDSC2,0.5998734973419958
Venetoclax,HOS,1.277724,Venetoclax,GDSC2,0.4708010212193041
Venetoclax,HSC-3,3.015492,Venetoclax,GDSC2,0.5734973002144457
Venetoclax,HSC-4,2.596727,Venetoclax,GDSC2,0.5487496887534218
Venetoclax,HT,2.919395,Venetoclax,GDSC2,0.5678182887914041
Venetoclax,HT-1080,2.743536,Venetoclax,GDSC2,0.5574256098332194
Venetoclax,HT-1197,1.80809,Venetoclax,GDSC2,0.5021438786695145
Venetoclax,HT-1376,2.683108,Venetoclax,GDSC2,0.5538545170595475
Venetoclax,HT-144,2.527097,Venetoclax,GDSC2,0.5446347885443998
Venetoclax,HT-3,1.37224,Venetoclax,GDSC2,0.4763866008280348
Venetoclax,HuCCT1,3.687895,Venetoclax,GDSC2,0.6132340694984757
Venetoclax,HuH-7,1.965654,Venetoclax,GDSC2,0.5114553842925842
Venetoclax,HuO9,0.524872,Venetoclax,GDSC2,0.42630998499694855
Venetoclax,HuTu-80,1.754516,Venetoclax,GDSC2,0.4989778343811598
Venetoclax,IGR-1,1.062489,Venetoclax,GDSC2,0.4580813523052032
Venetoclax,IMR-5,0.431044,Venetoclax,GDSC2,0.42076506388805707
Venetoclax,IPC-298,2.055383,Venetoclax,GDSC2,0.5167580682054856
Venetoclax,IST-MEL1,2.493647,Venetoclax,GDSC2,0.5426580053763431
Venetoclax,IST-MES1,2.752904,Venetoclax,GDSC2,0.5579792273135888
Venetoclax,JAR,2.303842,Venetoclax,GDSC2,0.5314411644432192
Venetoclax,JEG-3,2.332521,Venetoclax,GDSC2,0.5331359974619546
Venetoclax,JiyoyeP-2003,1.513984,Venetoclax,GDSC2,0.4847631973414287
Venetoclax,JVM-2,-0.634115,Venetoclax,GDSC2,0.3578177280882346
Venetoclax,JVM-3,1.770714,Venetoclax,GDSC2,0.4999350820270844
Venetoclax,KALS-1,3.390181,Venetoclax,GDSC2,0.5956401674328606
Venetoclax,KARPAS-45,1.158208,Venetoclax,GDSC2,0.46373802519199586
Venetoclax,KARPAS-299,1.868465,Venetoclax,GDSC2,0.5057118393203791
Venetoclax,KARPAS-422,1.203266,Venetoclax,GDSC2,0.4664008023515264
Venetoclax,KASUMI-1,-1.56584,Venetoclax,GDSC2,0.3027558955842707
Venetoclax,KATOIII,2.799048,Venetoclax,GDSC2,0.5607061834423422
Venetoclax,KE-37,-0.094296,Venetoclax,GDSC2,0.3897192262346375
Venetoclax,KG-1,-1.562794,Venetoclax,GDSC2,0.30293590400071013
Venetoclax,KINGS-1,3.893337,Venetoclax,GDSC2,0.6253750048530913
Venetoclax,KMOE-2,0.276128,Venetoclax,GDSC2,0.41161004621204317
Venetoclax,KMS-12-BM,-4.089923,Venetoclax,GDSC2,0.1535910289421793
Venetoclax,KNS-42,4.066121,Venetoclax,GDSC2,0.6355859615917909
Venetoclax,HuP-T3,6.495083,Venetoclax,GDSC2,0.7791294951478221
Venetoclax,HuP-T4,4.853503,Venetoclax,GDSC2,0.6821176053714857
Venetoclax,HT55,3.353423,Venetoclax,GDSC2,0.5934678925242978
Venetoclax,HT-115,3.113238,Venetoclax,GDSC2,0.5792737620244566
Venetoclax,H-EMC-SS,3.323693,Venetoclax,GDSC2,0.5917109489193255
Venetoclax,GP5d,1.976563,Venetoclax,GDSC2,0.5121000697209946
Venetoclax,DMS-53,-0.74274,Venetoclax,GDSC2,0.35139835374951545
Venetoclax,G-402,3.030329,Venetoclax,GDSC2,0.574374117310543
Venetoclax,G-401,2.021629,Venetoclax,GDSC2,0.5147633196537792
Venetoclax,KY821,-5.267093,Venetoclax,GDSC2,0.0840242175239055
Venetoclax,KU812,1.208494,Venetoclax,GDSC2,0.46670975967297934
Venetoclax,KU-19-19,1.990205,Venetoclax,GDSC2,0.512906266312284
Venetoclax,KS-1,3.08579,Venetoclax,GDSC2,0.577651676990172
Venetoclax,KP-N-YN,-3.268547,Venetoclax,GDSC2,0.20213160447119893
Venetoclax,KYSE-150,2.175684,Venetoclax,GDSC2,0.5238674551083372
Venetoclax,KYSE-180,2.490652,Venetoclax,GDSC2,0.5424810108893976
Venetoclax,KYSE-270,3.119089,Venetoclax,GDSC2,0.5796195365630604
Venetoclax,KYSE-450,2.600152,Venetoclax,GDSC2,0.548952094802767
Venetoclax,KYSE-510,1.92905,Venetoclax,GDSC2,0.5092922102691597
Venetoclax,L-428,1.850141,Venetoclax,GDSC2,0.5046289521822186
Venetoclax,L-540,0.604497,Venetoclax,GDSC2,0.43101555629011784
Venetoclax,LAMA-84,1.946422,Venetoclax,GDSC2,0.5103188373901009
Venetoclax,LC-2-ad,2.820984,Venetoclax,GDSC2,0.562002527704659
Venetoclax,LC4-1,-6.413945,Venetoclax,GDSC2,0.016249098544768987
Venetoclax,LNCaP-Clone-FGC,2.0265,Venetoclax,GDSC2,0.5150511794687748
Venetoclax,LOUCY,-3.98484,Venetoclax,GDSC2,0.15980108292271433
Venetoclax,LoVo,3.428461,Venetoclax,GDSC2,0.5979023874529865
Venetoclax,LP-1,2.450626,Venetoclax,GDSC2,0.5401156081065983
Venetoclax,LS-123,4.124034,Venetoclax,GDSC2,0.6390084262737541
Venetoclax,LS-411N,3.297437,Venetoclax,GDSC2,0.5901593070998787
Venetoclax,LU-99A,2.858218,Venetoclax,GDSC2,0.5642029326218315
Venetoclax,MC116,1.592278,Venetoclax,GDSC2,0.4893901109844728
Venetoclax,MC-IXC,1.348912,Venetoclax,GDSC2,0.4750079940195318
Venetoclax,MDA-MB-175-VII,5.288814,Venetoclax,GDSC2,0.7078430301149808
Venetoclax,MDA-MB-361,2.004473,Venetoclax,GDSC2,0.5137494574106946
Venetoclax,MDA-MB-453,3.398154,Venetoclax,GDSC2,0.5961113450770734
Venetoclax,MDA-MB-468,2.114802,Venetoclax,GDSC2,0.520269532452504
Venetoclax,MEL-HO,2.099778,Venetoclax,GDSC2,0.5193816642815956
Venetoclax,MEL-JUSO,3.229098,Venetoclax,GDSC2,0.5861207006747121
Venetoclax,MEG-01,1.763461,Venetoclax,GDSC2,0.4995064539757267
Venetoclax,MES-SA,2.068436,Venetoclax,GDSC2,0.5175294568659533
Venetoclax,Mewo,2.788382,Venetoclax,GDSC2,0.5600758585015204
Venetoclax,MFE-280,2.948456,Venetoclax,GDSC2,0.5695356967330153
Venetoclax,MFE-296,2.428253,Venetoclax,GDSC2,0.538793438605285
Venetoclax,MG-63,1.529736,Venetoclax,GDSC2,0.4856940878784459
Venetoclax,MHH-CALL-2,-5.887875,Venetoclax,GDSC2,0.047338076757611036
Venetoclax,MHH-CALL-4,-1.564365,Venetoclax,GDSC2,0.3028430631529667
Venetoclax,MHH-ES-1,1.852083,Venetoclax,GDSC2,0.5047437178896137
Venetoclax,MHH-NB-11,0.379281,Venetoclax,GDSC2,0.41770604364506403
Venetoclax,MHH-PREB-1,2.479867,Venetoclax,GDSC2,0.5418436534464233
Venetoclax,MKN1,3.201284,Venetoclax,GDSC2,0.5844769862640594
Venetoclax,MKN28,2.92927,Venetoclax,GDSC2,0.5684018682767421
Venetoclax,ML-2,-3.294539,Venetoclax,GDSC2,0.2005955641691323
Venetoclax,MLMA,2.055488,Venetoclax,GDSC2,0.5167642733544437
Venetoclax,MN-60,1.520248,Venetoclax,GDSC2,0.48513337879926743
Venetoclax,MOG-G-CCM,2.278807,Venetoclax,GDSC2,0.5299616796416559
Venetoclax,MOG-G-UVW,2.115341,Venetoclax,GDSC2,0.5203013855504884
Venetoclax,MOLT-13,-2.170613,Venetoclax,GDSC2,0.26701583319577654
Venetoclax,MOLT-16,-0.686608,Venetoclax,GDSC2,0.3547155672858191
Venetoclax,MONO-MAC-6,0.507309,Venetoclax,GDSC2,0.42527207041456955
Venetoclax,Mo-T,1.072957,Venetoclax,GDSC2,0.4586999761079899
Venetoclax,MPP-89,2.094245,Venetoclax,GDSC2,0.519054682479836
Venetoclax,MRK-nu-1,2.388,Venetoclax,GDSC2,0.536414620881405
Venetoclax,MSTO-211H,2.984999,Venetoclax,GDSC2,0.5716952658603783
Venetoclax,MV-4-11,-6.321848,Venetoclax,GDSC2,0.021691723340838163
Venetoclax,NALM-6,-0.965478,Venetoclax,GDSC2,0.33823528261987107
Venetoclax,NAMALWA,0.894619,Venetoclax,GDSC2,0.4481607965377392
Venetoclax,NB69,1.086956,Venetoclax,GDSC2,0.4595272702057366
Venetoclax,NCCIT,1.557735,Venetoclax,GDSC2,0.487348735170596
Venetoclax,NCI-H508,2.380413,Venetoclax,GDSC2,0.5359662545466952
Venetoclax,NCI-H520,3.31939,Venetoclax,GDSC2,0.5914566560053599
Venetoclax,SNU-1,1.337274,Venetoclax,GDSC2,0.4743202271283557
Venetoclax,SNU-5,1.047021,Venetoclax,GDSC2,0.45716724521870095
Venetoclax,SNU-16,0.735781,Venetoclax,GDSC2,0.43877400177397885
Venetoclax,NH-12,-0.822702,Venetoclax,GDSC2,0.3466728668830238
Venetoclax,NKM-1,-2.724781,Venetoclax,GDSC2,0.23426635712176685
Venetoclax,NMC-G1,5.913609,Venetoclax,GDSC2,0.7447663257647854
Venetoclax,no-11,4.055467,Venetoclax,GDSC2,0.63495634581085
Venetoclax,NOMO-1,0.257643,Venetoclax,GDSC2,0.41051764451214695
Venetoclax,no-10,2.56925,Venetoclax,GDSC2,0.5471258899160917
Venetoclax,NTERA-2-cl-D1,1.305036,Venetoclax,GDSC2,0.47241506910827163
Venetoclax,NUGC-3,3.317127,Venetoclax,GDSC2,0.5913229202711503
Venetoclax,NCI-H747,2.883093,Venetoclax,GDSC2,0.5656729619583162
Venetoclax,NCI-H716,3.698369,Venetoclax,GDSC2,0.6138530478812028
Venetoclax,NCI-H596,3.331451,Venetoclax,GDSC2,0.5921694207823385
Venetoclax,NCI-H441,4.316376,Venetoclax,GDSC2,0.6503751954250352
Venetoclax,NCI-N87,3.166951,Venetoclax,GDSC2,0.5824480207480988
Venetoclax,NCI-H2452,3.097382,Venetoclax,GDSC2,0.578336725435138
Venetoclax,NCI-H1793,2.526895,Venetoclax,GDSC2,0.5446228510197377
Venetoclax,NCI-H358,3.133799,Venetoclax,GDSC2,0.5804888483837515
Venetoclax,NCI-H1155,1.048952,Venetoclax,GDSC2,0.45728136086287186
Venetoclax,NCI-H1105,-0.375549,Venetoclax,GDSC2,0.37309811423567063
Venetoclax,NCI-H1436,1.850259,Venetoclax,GDSC2,0.5046359255877142
Venetoclax,NCI-H28,3.445978,Venetoclax,GDSC2,0.5989375835891554
Venetoclax,NCI-H1581,1.867476,Venetoclax,GDSC2,0.5056533927268602
Venetoclax,NCI-H1573,1.60747,Venetoclax,GDSC2,0.490287907393714
Venetoclax,NCI-H1666,2.381353,Venetoclax,GDSC2,0.5360218054040337
Venetoclax,NCI-H1703,2.442764,Venetoclax,GDSC2,0.5396509901912842
Venetoclax,NCI-H1755,2.762369,Venetoclax,GDSC2,0.5585385771696622
Venetoclax,NCI-H1993,2.748084,Venetoclax,GDSC2,0.557694381428087
Venetoclax,NCI-H2081,3.420372,Venetoclax,GDSC2,0.5974243545965916
Venetoclax,NCI-H2196,-0.394062,Venetoclax,GDSC2,0.37200405782938567
Venetoclax,NCI-H524,1.383428,Venetoclax,GDSC2,0.4770477742236766
Venetoclax,NCI-H748,0.097672,Venetoclax,GDSC2,0.4010638932362967
Venetoclax,ONS-76,2.840916,Venetoclax,GDSC2,0.5631804422668624
Venetoclax,OPM-2,0.360459,Venetoclax,GDSC2,0.41659372637184544
Venetoclax,OS-RC-2,1.658211,Venetoclax,GDSC2,0.49328653085351554
Venetoclax,P12-ICHIKAWA,0.225367,Venetoclax,GDSC2,0.40861024081910674
Venetoclax,P30-OHK,0.160785,Venetoclax,GDSC2,0.4047936605333239
Venetoclax,P31-FUJ,-0.797854,Venetoclax,GDSC2,0.34814130060977627
Venetoclax,PA-1,1.042736,Venetoclax,GDSC2,0.4569140160445567
Venetoclax,OCUB-M,1.61523,Venetoclax,GDSC2,0.49074649745004045
Venetoclax,OC-314,2.013697,Venetoclax,GDSC2,0.5142945649724929
Venetoclax,PF-382,2.318984,Venetoclax,GDSC2,0.5323360060196233
Venetoclax,Raji,1.909866,Venetoclax,GDSC2,0.5081585000062002
Venetoclax,RCM-1,3.21181,Venetoclax,GDSC2,0.5850990376729374
Venetoclax,RD,3.453065,Venetoclax,GDSC2,0.5993564015954937
Venetoclax,REH,-2.743805,Venetoclax,GDSC2,0.23314210232388613
Venetoclax,RF-48,3.021899,Venetoclax,GDSC2,0.5738759324941987
Venetoclax,RKO,3.015062,Venetoclax,GDSC2,0.5734718886520461
Venetoclax,RMG-I,3.257386,Venetoclax,GDSC2,0.5877924269006608
Venetoclax,RPMI-6666,0.46863,Venetoclax,GDSC2,0.4229862708284032
Venetoclax,RPMI-8402,0.693221,Venetoclax,GDSC2,0.43625884806299253
Venetoclax,RS4-11,-5.179213,Venetoclax,GDSC2,0.08921763171848904
Venetoclax,RT-112,1.527194,Venetoclax,GDSC2,0.48554386417700496
Venetoclax,RVH-421,2.49427,Venetoclax,GDSC2,0.5426948225934941
Venetoclax,Saos-2,2.777037,Venetoclax,GDSC2,0.55940540693077
Venetoclax,SAS,2.0978,Venetoclax,GDSC2,0.5192647710945577
Venetoclax,SCC-9,2.670621,Venetoclax,GDSC2,0.5531165771067964
Venetoclax,SCH,1.739525,Venetoclax,GDSC2,0.49809191639992395
Venetoclax,SF126,1.680903,Venetoclax,GDSC2,0.49462755218833004
Venetoclax,SH-4,2.666684,Venetoclax,GDSC2,0.5528839135691987
Venetoclax,SIG-M5,1.575867,Venetoclax,GDSC2,0.4884202757506619
Venetoclax,SJRH30,1.648796,Venetoclax,GDSC2,0.49273013583027936
Venetoclax,SJSA-1,2.523058,Venetoclax,GDSC2,0.5443960971478145
Venetoclax,SK-CO-1,1.238644,Venetoclax,GDSC2,0.4684915238737838
Venetoclax,SK-HEP-1,3.264194,Venetoclax,GDSC2,0.5881947569397679
Venetoclax,SK-LMS-1,2.867701,Venetoclax,GDSC2,0.5647633462177263
Venetoclax,SK-LU-1,4.66527,Venetoclax,GDSC2,0.6709936643827619
Venetoclax,SKM-1,0.305139,Venetoclax,GDSC2,0.41332449932081716
Venetoclax,SK-MEL-1,3.286783,Venetoclax,GDSC2,0.5895296913189377
Venetoclax,SK-MEL-3,3.294018,Venetoclax,GDSC2,0.589957255630474
Venetoclax,SK-MEL-24,3.202831,Venetoclax,GDSC2,0.5845684087920411
Venetoclax,SK-MEL-30,2.591443,Venetoclax,GDSC2,0.5484374220191913
Venetoclax,SK-MEL-31,0.793442,Venetoclax,GDSC2,0.4421815740984426
Venetoclax,SK-MES-1,3.000608,Venetoclax,GDSC2,0.5726177055754813
Venetoclax,SK-MG-1,2.368,Venetoclax,GDSC2,0.5352326877465431
Venetoclax,SK-PN-DW,1.747558,Venetoclax,GDSC2,0.4985666398435412
Venetoclax,SK-UT-1,2.203518,Venetoclax,GDSC2,0.5255123514521246
Venetoclax,SNG-M,1.813863,Venetoclax,GDSC2,0.5024850436688924
Venetoclax,SNU-387,2.853261,Venetoclax,GDSC2,0.563909990494356
Venetoclax,SNU-423,2.483997,Venetoclax,GDSC2,0.5420877226387723
Venetoclax,SNU-449,3.358742,Venetoclax,GDSC2,0.5937822276415143
Venetoclax,SNU-C2B,3.893994,Venetoclax,GDSC2,0.6254138313565715
Venetoclax,SU-DHL-1,2.325246,Venetoclax,GDSC2,0.5327060692841485
Venetoclax,SUP-T1,1.802226,Venetoclax,GDSC2,0.501797335874373
Venetoclax,SW13,2.194345,Venetoclax,GDSC2,0.5249702578198202
Venetoclax,SW1088,2.660513,Venetoclax,GDSC2,0.5525192281004371
Venetoclax,SW1116,2.486698,Venetoclax,GDSC2,0.5422473427086354
Venetoclax,SW1417,4.37668,Venetoclax,GDSC2,0.653938960213271
Venetoclax,SW1463,3.181488,Venetoclax,GDSC2,0.5833071088471731
Venetoclax,SW1710,2.803454,Venetoclax,GDSC2,0.5609665633119525
Venetoclax,SW1783,1.356446,Venetoclax,GDSC2,0.4754532282314343
Venetoclax,SW48,2.014109,Venetoclax,GDSC2,0.514318912795071
Venetoclax,SW626,2.906907,Venetoclax,GDSC2,0.5670802897419963
Venetoclax,SW684,3.069336,Venetoclax,GDSC2,0.5766793006001211
Venetoclax,SW837,2.964061,Venetoclax,GDSC2,0.5704579000614914
Venetoclax,SW872,2.556058,Venetoclax,GDSC2,0.5463462868203367
Venetoclax,SW948,2.792022,Venetoclax,GDSC2,0.5602909703320653
Venetoclax,SW962,1.452298,Venetoclax,GDSC2,0.4811177609735739
Venetoclax,SW982,3.000866,Venetoclax,GDSC2,0.5726329525129211
Venetoclax,T84,0.807325,Venetoclax,GDSC2,0.44300201298400704
Venetoclax,TALL-1,1.075736,Venetoclax,GDSC2,0.45886420571707903
Venetoclax,TGBC1TKB,2.797137,Venetoclax,GDSC2,0.5605932497313062
Venetoclax,TGBC11TKB,2.855288,Venetoclax,GDSC2,0.5640297794175743
Venetoclax,THP-1,0.727744,Venetoclax,GDSC2,0.4382990419437345
Venetoclax,TUR,1.955052,Venetoclax,GDSC2,0.5108288415377938
Venetoclax,TYK-nu,2.270489,Venetoclax,GDSC2,0.5294701136508667
Venetoclax,U-2-OS,2.287474,Venetoclax,GDSC2,0.5304738703656482
Venetoclax,U-698-M,1.966107,Venetoclax,GDSC2,0.5114821550780888
Venetoclax,UACC-893,2.857455,Venetoclax,GDSC2,0.5641578418727365
Venetoclax,UMC-11,2.219647,Venetoclax,GDSC2,0.526465521428734
Venetoclax,VMRC-RCZ,3.454843,Venetoclax,GDSC2,0.5994614754511829
Venetoclax,WM-115,3.296734,Venetoclax,GDSC2,0.5901177621501883
Venetoclax,WSU-NHL,-0.812497,Venetoclax,GDSC2,0.34727594826508706
Venetoclax,YAPC,5.597777,Venetoclax,GDSC2,0.726101710472299
Venetoclax,YH-13,2.480862,Venetoclax,GDSC2,0.5419024546198826
Venetoclax,ZR-75-30,5.24149,Venetoclax,GDSC2,0.7050463399312703
Venetoclax,RCC10RGB,2.924114,Venetoclax,GDSC2,0.5680971659145747
Venetoclax,KURAMOCHI,3.280548,Venetoclax,GDSC2,0.5891612236641445
Venetoclax,KM-H2,2.507954,Venetoclax,GDSC2,0.5435035012443666
Venetoclax,HuO-3N1,3.28001,Venetoclax,GDSC2,0.5891294296628168
Venetoclax,OE19,3.287389,Venetoclax,GDSC2,0.5895655038929241
Venetoclax,SUP-B8,1.506451,Venetoclax,GDSC2,0.48431802222618286
Venetoclax,NCI-H838,3.013916,Venetoclax,GDSC2,0.5734041638834185
Venetoclax,Ramos-2G6-4C10,1.711549,Venetoclax,GDSC2,0.496438628330879
Venetoclax,QIMR-WIL,0.74192,Venetoclax,GDSC2,0.43913679614972473
Venetoclax,PSN1,4.647454,Venetoclax,GDSC2,0.6699407983462269
Venetoclax,OAW-42,1.512007,Venetoclax,GDSC2,0.4846463632510476
Venetoclax,OE33,2.270716,Venetoclax,GDSC2,0.5294835285919474
Venetoclax,CW-2,3.192542,Venetoclax,GDSC2,0.5839603632908112
Venetoclax,CHP-126,-5.331516,Venetoclax,GDSC2,0.08021703360654485
Venetoclax,CGTH-W-1,3.056073,Venetoclax,GDSC2,0.5758955016417373
Venetoclax,COLO-320-HSR,0.586565,Venetoclax,GDSC2,0.42995583504140056
Venetoclax,ATN-1,-0.366593,Venetoclax,GDSC2,0.3736273838934619
Venetoclax,CESS,-0.3908,Venetoclax,GDSC2,0.3721968311236817
Venetoclax,COLO-678,4.484752,Venetoclax,GDSC2,0.6603256541008112
Venetoclax,COLO-684,3.099831,Venetoclax,GDSC2,0.5784814531475019
Venetoclax,COLO-668,1.810684,Venetoclax,GDSC2,0.5022971753971062
Venetoclax,LN-405,2.184351,Venetoclax,GDSC2,0.5243796458323297
Venetoclax,TGBC24TKB,2.21042,Venetoclax,GDSC2,0.5259202365769654
Venetoclax,A388,2.915243,Venetoclax,GDSC2,0.5675729194726068
Venetoclax,BFTC-909,1.693233,Venetoclax,GDSC2,0.49535621396597235
Venetoclax,C2BBe1,3.120296,Venetoclax,GDSC2,0.5796908662277493
Venetoclax,SCC-25,2.005292,Venetoclax,GDSC2,0.5137978575725671
Venetoclax,AsPC-1,10.232528,Venetoclax,GDSC2,0.9999999994090334
Venetoclax,CA46,2.458213,Venetoclax,GDSC2,0.5405639744413082
Venetoclax,AU565,3.050124,Venetoclax,GDSC2,0.5755439356307727
Venetoclax,BALL-1,-5.209336,Venetoclax,GDSC2,0.08743746312741664
Venetoclax,BL-41,0.430685,Venetoclax,GDSC2,0.4207438481882863
Venetoclax,BV-173,-3.083174,Venetoclax,GDSC2,0.21308652902163738
Venetoclax,IA-LM,3.721396,Venetoclax,GDSC2,0.6152138665960262
Venetoclax,TGW,-0.694378,Venetoclax,GDSC2,0.35425638626292516
Venetoclax,AN3-CA,2.333891,Venetoclax,GDSC2,0.5332169598816926
Venetoclax,A204,1.828111,Venetoclax,GDSC2,0.5033270528341681
Venetoclax,NY,2.221111,Venetoclax,GDSC2,0.526552038934206
Venetoclax,C3A,4.096106,Venetoclax,GDSC2,0.6373579748442327
Venetoclax,A427,2.741602,Venetoclax,GDSC2,0.5573113168990783
Venetoclax,CAL-85-1,3.437641,Venetoclax,GDSC2,0.5984448947618881
Venetoclax,CHL-1,2.210531,Venetoclax,GDSC2,0.5259267963058639
Venetoclax,RL,-3.571091,Venetoclax,GDSC2,0.1842522655535148
Venetoclax,NCI-H146,-0.377868,Venetoclax,GDSC2,0.37296106908868343
Venetoclax,NCI-H1651,1.633411,Venetoclax,GDSC2,0.49182093376628677
Venetoclax,RPMI-7951,2.490809,Venetoclax,GDSC2,0.5424902890645062
Venetoclax,SCC-4,2.886214,Venetoclax,GDSC2,0.5658574026240113
Venetoclax,SNU-C1,3.589192,Venetoclax,GDSC2,0.6074010521879616
Venetoclax,ST486,1.858327,Venetoclax,GDSC2,0.5051127174143175
Venetoclax,SW1990,3.734498,Venetoclax,GDSC2,0.6159881509926742
Venetoclax,UACC-812,3.966896,Venetoclax,GDSC2,0.629722095826457
Venetoclax,SCC-15,1.996571,Venetoclax,GDSC2,0.5132824756291104
Venetoclax,CAPAN-2,3.81161,Venetoclax,GDSC2,0.6205452123874481
Venetoclax,CAL-27,2.11596,Venetoclax,GDSC2,0.5203379663810124
Venetoclax,BC-3,0.690176,Venetoclax,GDSC2,0.4360788987432098
Venetoclax,BC-1,2.238388,Venetoclax,GDSC2,0.5275730518727565
Venetoclax,A704,2.432344,Venetoclax,GDSC2,0.539035203028021
Venetoclax,A101D,1.504579,Venetoclax,GDSC2,0.48420739328475976
Venetoclax,769-P,3.396843,Venetoclax,GDSC2,0.5960338693600832
Venetoclax,23132-87,2.06752,Venetoclax,GDSC2,0.5174753243283766
Venetoclax,A431,2.938129,Venetoclax,GDSC2,0.5689254055588293
Venetoclax,BFTC-905,1.820244,Venetoclax,GDSC2,0.5028621394355701
Venetoclax,CAL-51,2.373453,Venetoclax,GDSC2,0.5355549418157631
Venetoclax,SCC-3,1.245505,Venetoclax,GDSC2,0.4688969860356982
Venetoclax,RERF-LC-MS,1.204764,Venetoclax,GDSC2,0.4664893291433276
Venetoclax,GAK,2.666882,Venetoclax,GDSC2,0.552895614707234
Venetoclax,AM-38,3.401822,Venetoclax,GDSC2,0.596328111614007
Venetoclax,A4-Fuk,1.306594,Venetoclax,GDSC2,0.4725071416994774
Venetoclax,A3-KAW,0.901844,Venetoclax,GDSC2,0.44858776988270804
Venetoclax,DOK,3.583765,Venetoclax,GDSC2,0.6070803346318167
Venetoclax,COR-L279,2.183364,Venetoclax,GDSC2,0.5243213174321243
Venetoclax,CHP-134,2.643518,Venetoclax,GDSC2,0.5515148804190881
Venetoclax,NEC8,1.5919,Venetoclax,GDSC2,0.489367772448224
Venetoclax,CAS-1,3.039554,Venetoclax,GDSC2,0.574919283968998
Venetoclax,ALL-PO,-4.151405,Venetoclax,GDSC2,0.1499576482923001
Venetoclax,OCI-AML2,-5.132331,Venetoclax,GDSC2,0.09198820117991902
Venetoclax,MFM-223,3.590769,Venetoclax,GDSC2,0.6074942476156454
Venetoclax,CML-T1,1.178185,Venetoclax,GDSC2,0.46491859910375277
Venetoclax,CAL-54,2.617554,Venetoclax,GDSC2,0.5499804948234104
Venetoclax,EFO-21,5.160701,Venetoclax,GDSC2,0.7002719801296522
Venetoclax,LS-1034,1.832501,Venetoclax,GDSC2,0.5035864871572703
Venetoclax,22RV1,3.609637,Venetoclax,GDSC2,0.6086092833350741
Venetoclax,8505C,2.109801,Venetoclax,GDSC2,0.5199739900721316
Venetoclax,B-CPAP,2.011622,Venetoclax,GDSC2,0.5141719394097508
Venetoclax,BPH-1,2.210861,Venetoclax,GDSC2,0.5259462982025892
Venetoclax,CAL-148,2.836606,Venetoclax,GDSC2,0.5629257356762997
Venetoclax,CAL-39,2.391332,Venetoclax,GDSC2,0.536611530941673
Venetoclax,CaR-1,2.678274,Venetoclax,GDSC2,0.5535688438208514
Venetoclax,HDLM-2,-0.25495,Venetoclax,GDSC2,0.3802251119422317
Venetoclax,HO-1-N-1,2.066441,Venetoclax,GDSC2,0.5174115590357509
Venetoclax,HTC-C3,2.260565,Venetoclax,GDSC2,0.5288836384293482
Venetoclax,KGN,2.585483,Venetoclax,GDSC2,0.5480852059450024
Venetoclax,KLE,3.754407,Venetoclax,GDSC2,0.6171647063317727
Venetoclax,KNS-81-FD,3.266333,Venetoclax,GDSC2,0.5883211646885413
Venetoclax,KP-N-RT-BM-1,-2.684003,Venetoclax,GDSC2,0.2366762005904369
Venetoclax,K5,3.172785,Venetoclax,GDSC2,0.582792790643538
Venetoclax,L-363,0.686986,Venetoclax,GDSC2,0.43589038040819933
Venetoclax,MDA-MB-415,1.702323,Venetoclax,GDSC2,0.49589340257576714
Venetoclax,NCI-H250,2.318955,Venetoclax,GDSC2,0.5323342922165777
Venetoclax,NCI-H1975,1.251307,Venetoclax,GDSC2,0.46923986483812163
Venetoclax,SW954,1.97438,Venetoclax,GDSC2,0.5119710617193244
Venetoclax,TE-441-T,0.588599,Venetoclax,GDSC2,0.43007603764121605
Venetoclax,MKN7,3.784958,Venetoclax,GDSC2,0.618970168291931
Venetoclax,MDA-MB-157,3.127626,Venetoclax,GDSC2,0.5801240447216762
Venetoclax,MMAc-SF,2.397204,Venetoclax,GDSC2,0.5369585465100685
Venetoclax,MKN45,3.507744,Venetoclax,GDSC2,0.6025877476895496
Venetoclax,NCI-H810,1.827549,Venetoclax,GDSC2,0.5032938405130785
Venetoclax,MFH-ino,3.381327,Venetoclax,GDSC2,0.5951169256340573
Venetoclax,NOS-1,0.880039,Venetoclax,GDSC2,0.4472991672824248
Venetoclax,PANC-03-27,6.697138,Venetoclax,GDSC2,0.7910702701260488
Venetoclax,PANC-08-13,5.845184,Venetoclax,GDSC2,0.7407226370271388
Venetoclax,PANC-10-05,7.179952,Venetoclax,GDSC2,0.8196029633548115
Venetoclax,RL95-2,2.823771,Venetoclax,GDSC2,0.562167230087002
Venetoclax,RO82-W-1,4.769821,Venetoclax,GDSC2,0.6771722789419097
Venetoclax,SiHa,2.817716,Venetoclax,GDSC2,0.5618093998304226
Venetoclax,SKG-IIIa,3.370064,Venetoclax,GDSC2,0.5944513199891597
Venetoclax,TT,2.767223,Venetoclax,GDSC2,0.5588254323414932
Venetoclax,VMRC-MELG,2.433381,Venetoclax,GDSC2,0.5390964862610637
Venetoclax,TE-9,1.370836,Venetoclax,GDSC2,0.47630362912196755
Venetoclax,TE-11,3.228786,Venetoclax,GDSC2,0.5861022625178082
Venetoclax,TE-6,0.798597,Venetoclax,GDSC2,0.4424862173639533
Venetoclax,TE-12,3.354194,Venetoclax,GDSC2,0.5935134560466467
Venetoclax,TC-YIK,0.620805,Venetoclax,GDSC2,0.43197930456828426
Venetoclax,YT,2.101634,Venetoclax,GDSC2,0.5194913476765107
Venetoclax,BT-474,3.945175,Venetoclax,GDSC2,0.6284384573453401
Venetoclax,OAW-28,2.397468,Venetoclax,GDSC2,0.5369741480274487
Venetoclax,LCLC-97TM1,3.076314,Venetoclax,GDSC2,0.5770916770708744
Venetoclax,KP-N-YS,-0.077105,Venetoclax,GDSC2,0.3907351568607081
Venetoclax,D-245MG,2.830496,Venetoclax,GDSC2,0.5625646551035993
Venetoclax,D-247MG,2.533022,Venetoclax,GDSC2,0.5449849362356026
Venetoclax,D-263MG,2.753447,Venetoclax,GDSC2,0.5580113167982003
Venetoclax,D-336MG,3.347726,Venetoclax,GDSC2,0.5931312188708324
Venetoclax,D-392MG,2.132261,Venetoclax,GDSC2,0.5213013009825817
Venetoclax,D-423MG,2.240371,Venetoclax,GDSC2,0.527690240543078
Venetoclax,D-502MG,3.686701,Venetoclax,GDSC2,0.6131635080903243
Venetoclax,D-566MG,2.339315,Venetoclax,GDSC2,0.5335375001478672
Venetoclax,CAMA-1,2.265831,Venetoclax,GDSC2,0.5291948414237574
Venetoclax,CTB-1,2.689017,Venetoclax,GDSC2,0.5542037192042424
Venetoclax,Caov-4,2.812028,Venetoclax,GDSC2,0.5614732580468678
Venetoclax,BT-483,6.747117,Venetoclax,GDSC2,0.7940238619334122
Venetoclax,M059J,2.06691,Venetoclax,GDSC2,0.5174392753677634
Venetoclax,HAL-01,-1.697694,Venetoclax,GDSC2,0.2949637650060661
Venetoclax,OMC-1,2.914594,Venetoclax,GDSC2,0.5675345657423805
Venetoclax,ES8,1.134375,Venetoclax,GDSC2,0.4623295745718376
Venetoclax,ES4,2.851717,Venetoclax,GDSC2,0.5638187452563447
Venetoclax,ES6,2.497346,Venetoclax,GDSC2,0.5428766039096359
Venetoclax,ES1,1.936875,Venetoclax,GDSC2,0.5097546416081745
Venetoclax,EW-7,1.663423,Venetoclax,GDSC2,0.4935945426284606
Venetoclax,EW-3,-0.885858,Venetoclax,GDSC2,0.3429405584297566
Venetoclax,EW-12,1.616811,Venetoclax,GDSC2,0.49083992926435127
Venetoclax,EW-1,1.675449,Venetoclax,GDSC2,0.49430523902245316
Venetoclax,EW-18,1.451264,Venetoclax,GDSC2,0.4810566550305015
Venetoclax,EW-16,2.455411,Venetoclax,GDSC2,0.540398385609114
Venetoclax,EW-13,0.646564,Venetoclax,GDSC2,0.43350157534932976
Venetoclax,EW-22,1.214671,Venetoclax,GDSC2,0.4670747997216815
Venetoclax,EW-24,2.85047,Venetoclax,GDSC2,0.5637450517253859
Venetoclax,LAN-6,-0.107531,Venetoclax,GDSC2,0.3889370819826426
Venetoclax,NB10,2.192812,Venetoclax,GDSC2,0.524879662645033
Venetoclax,NB12,-5.231587,Venetoclax,GDSC2,0.08612250341822596
Venetoclax,NB6,0.546897,Venetoclax,GDSC2,0.4276115888617153
Venetoclax,NB7,2.400543,Venetoclax,GDSC2,0.5371558702469337
Venetoclax,NB17,-3.417951,Venetoclax,GDSC2,0.19330232756715296
Venetoclax,NB5,1.078664,Venetoclax,GDSC2,0.4590372407280228
Venetoclax,NB13,1.994065,Venetoclax,GDSC2,0.5131343794073123
Venetoclax,NB14,-0.21565,Venetoclax,GDSC2,0.38254761055223546
Venetoclax,NB1,1.070258,Venetoclax,GDSC2,0.45854047423144034
Venetoclax,RH-1,0.972047,Venetoclax,GDSC2,0.45273653247604384
Venetoclax,MZ2-MEL,1.6779,Venetoclax,GDSC2,0.4944500849281304
Venetoclax,Jurkat,1.037179,Venetoclax,GDSC2,0.45658561592303537
Venetoclax,LS-180,1.358134,Venetoclax,GDSC2,0.47555298338801666
Venetoclax,BICR22,2.218214,Venetoclax,GDSC2,0.5263808359196211
Venetoclax,BICR78,3.430916,Venetoclax,GDSC2,0.5980474697452908
Venetoclax,CCK-81,1.401718,Venetoclax,GDSC2,0.4781286520755079
Venetoclax,COLO-783,2.237359,Venetoclax,GDSC2,0.5275122414129678
Venetoclax,EN,3.102771,Venetoclax,GDSC2,0.5786551973183266
Venetoclax,ES-2,2.728336,Venetoclax,GDSC2,0.5565273406507244
Venetoclax,FU-OV-1,2.95462,Venetoclax,GDSC2,0.5698999685251798
Venetoclax,G-MEL,1.808335,Venetoclax,GDSC2,0.5021583573504166
Venetoclax,NCI-H2591,3.229874,Venetoclax,GDSC2,0.5861665596803447
Venetoclax,NCI-H2595,3.355556,Venetoclax,GDSC2,0.5935939456931308
Venetoclax,NCI-H2731,3.033551,Venetoclax,GDSC2,0.5745645267385693
Venetoclax,NCI-H2803,2.537114,Venetoclax,GDSC2,0.5452267597549955
Venetoclax,NCI-H2804,1.759845,Venetoclax,GDSC2,0.4992927604649437
Venetoclax,NCI-H2810,2.502529,Venetoclax,GDSC2,0.5431829018815353
Venetoclax,NCI-H2869,3.373794,Venetoclax,GDSC2,0.5946717505188115
Venetoclax,NCI-H290,1.693394,Venetoclax,GDSC2,0.495365728527708
Venetoclax,NCI-H3118,3.681832,Venetoclax,GDSC2,0.6128757664686422
Venetoclax,NCI-H513,3.043598,Venetoclax,GDSC2,0.5751582708488672
Venetoclax,HARA,3.007613,Venetoclax,GDSC2,0.5730316776559667
Venetoclax,HCC-15,0.800052,Venetoclax,GDSC2,0.44257220299951455
Venetoclax,HCC-366,2.822294,Venetoclax,GDSC2,0.5620799443249924
Venetoclax,HCC-44,2.843638,Venetoclax,GDSC2,0.5633413033665171
Venetoclax,HCC-827,4.111411,Venetoclax,GDSC2,0.638262449175686
Venetoclax,Hep3B2-1-7,1.74568,Venetoclax,GDSC2,0.4984556563221777
Venetoclax,Hs-633T,2.692028,Venetoclax,GDSC2,0.5543816592376959
Venetoclax,Hs-683,2.424181,Venetoclax,GDSC2,0.5385527970190271
Venetoclax,Hs-746T,2.467239,Venetoclax,GDSC2,0.5410973808650714
Venetoclax,IGR-37,2.295097,Venetoclax,GDSC2,0.5309243641800009
Venetoclax,IHH-4,1.387627,Venetoclax,GDSC2,0.4772959210853409
Venetoclax,IM-95,2.01701,Venetoclax,GDSC2,0.5144903521962827
Venetoclax,JHH-2,2.501294,Venetoclax,GDSC2,0.5431099175104577
Venetoclax,JHH-4,2.11776,Venetoclax,GDSC2,0.52044434036315
Venetoclax,JHH-6,3.286504,Venetoclax,GDSC2,0.5895132033517064
Venetoclax,JHH-7,3.282241,Venetoclax,GDSC2,0.5892612743040105
Venetoclax,JHU-011,1.734454,Venetoclax,GDSC2,0.49779223725357963
Venetoclax,JHU-022,3.862887,Venetoclax,GDSC2,0.623575511655264
Venetoclax,KYM-1,1.551392,Venetoclax,GDSC2,0.4869738850768745
Venetoclax,KYSE-220,1.91965,Venetoclax,GDSC2,0.5087367016957747
Venetoclax,LN-18,1.632705,Venetoclax,GDSC2,0.49177921152662607
Venetoclax,LN-229,2.51678,Venetoclax,GDSC2,0.5440250883367813
Venetoclax,MDA-MB-436,4.076855,Venetoclax,GDSC2,0.6362203051052714
Venetoclax,MDST8,2.037238,Venetoclax,GDSC2,0.5156857593688822
Venetoclax,MFE-319,2.148264,Venetoclax,GDSC2,0.5222470247804415
Venetoclax,ML-1,2.67845,Venetoclax,GDSC2,0.553579244832438
Venetoclax,MS751,1.095174,Venetoclax,GDSC2,0.4600129265308514
Venetoclax,NB(TU)1-10,-0.614707,Venetoclax,GDSC2,0.3589646760023046
Venetoclax,NCI-H1836,2.209784,Venetoclax,GDSC2,0.5258826511032768
Venetoclax,NCI-H1869,2.684692,Venetoclax,GDSC2,0.5539481261638285
Venetoclax,NCI-H1915,3.272866,Venetoclax,GDSC2,0.588707243147044
Venetoclax,NCI-H1944,2.182953,Venetoclax,GDSC2,0.5242970287062028
Venetoclax,NCI-H196,1.496212,Venetoclax,GDSC2,0.48371293155779027
Venetoclax,NCI-H2023,2.940846,Venetoclax,GDSC2,0.5690859711752003
Venetoclax,NCI-H211,-0.03626,Venetoclax,GDSC2,0.39314895980537995
Venetoclax,NCI-H3122,2.221888,Venetoclax,GDSC2,0.5265979570364954
Venetoclax,NCI-H647,2.108784,Venetoclax,GDSC2,0.5199138887722239
Venetoclax,NCI-H841,2.330694,Venetoclax,GDSC2,0.533028027870085
Venetoclax,NCI-H847,1.06648,Venetoclax,GDSC2,0.4583172070622649
Venetoclax,OSC-20,2.99074,Venetoclax,GDSC2,0.5720345397667405
Venetoclax,OV-90,3.168381,Venetoclax,GDSC2,0.5825325289672413
Venetoclax,OVISE,2.614418,Venetoclax,GDSC2,0.5497951677078641
Venetoclax,OVKATE,3.129439,Venetoclax,GDSC2,0.5802311869603515
Venetoclax,OVMIU,3.342078,Venetoclax,GDSC2,0.5927974409535474
Venetoclax,PA-TU-8988T,3.405055,Venetoclax,GDSC2,0.5965191711052575
Venetoclax,PC-3_[JPC-3],2.232235,Venetoclax,GDSC2,0.5272094301438162
Venetoclax,PCI-15A,2.607465,Venetoclax,GDSC2,0.5493842686535292
Venetoclax,PCI-6A,1.717172,Venetoclax,GDSC2,0.4967709288317454
Venetoclax,PE-CA-PJ15,2.739259,Venetoclax,GDSC2,0.5571728534323293
Venetoclax,RERF-GC-1B,2.112745,Venetoclax,GDSC2,0.5201479706295833
Venetoclax,RH-41,0.503534,Venetoclax,GDSC2,0.42504898053536433
Venetoclax,SISO,2.765555,Venetoclax,GDSC2,0.5587268591180456
Venetoclax,SKN,3.282034,Venetoclax,GDSC2,0.5892490412960647
Venetoclax,SNU-398,0.97801,Venetoclax,GDSC2,0.45308892584020294
Venetoclax,SU8686,4.495964,Venetoclax,GDSC2,0.6609882458162148
Venetoclax,SUIT-2,5.100076,Venetoclax,GDSC2,0.6966892453146017
Venetoclax,SW156,3.676132,Venetoclax,GDSC2,0.6125389155252065
Venetoclax,TC-71,0.66114,Venetoclax,GDSC2,0.4343629682180171
Venetoclax,TOV-21G,3.583263,Venetoclax,GDSC2,0.6070506681101318
Venetoclax,TT2609-C02,3.614123,Venetoclax,GDSC2,0.6088743909372236
Venetoclax,VMRC-RCW,3.066592,Venetoclax,GDSC2,0.576517139374018
Venetoclax,WM278,2.952923,Venetoclax,GDSC2,0.5697996814986866
Venetoclax,SUP-B15,-6.356198,Venetoclax,GDSC2,0.019661753181712722
Venetoclax,H3255,3.521061,Venetoclax,GDSC2,0.6033747378673974
Venetoclax,451Lu,2.17895,Venetoclax,GDSC2,0.5240604647892602
Venetoclax,OCI-AML3,0.064248,Venetoclax,GDSC2,0.3990886465813154
Venetoclax,ASH-3,2.743599,Venetoclax,GDSC2,0.5574293329225942
Venetoclax,BICR10,3.184504,Venetoclax,GDSC2,0.5834853443639103
Venetoclax,BICR31,1.841315,Venetoclax,GDSC2,0.5041073650898039
Venetoclax,CAL-29,2.288498,Venetoclax,GDSC2,0.5305343853421532
Venetoclax,CAL-78,3.35589,Venetoclax,GDSC2,0.5936136839764831
Venetoclax,CHSA0011,2.838246,Venetoclax,GDSC2,0.5630226541933583
Venetoclax,CHSA0108,3.268297,Venetoclax,GDSC2,0.5884372305223848
Venetoclax,CL-11,3.24719,Venetoclax,GDSC2,0.5871898773885081
Venetoclax,CS1,2.66689,Venetoclax,GDSC2,0.5528960874804879
Venetoclax,DAN-G,3.553196,Venetoclax,GDSC2,0.6052738089318369
Venetoclax,EFM-192A,3.199876,Venetoclax,GDSC2,0.5843937781713652
Venetoclax,FU97,2.152789,Venetoclax,GDSC2,0.522514437152204
Venetoclax,G-292-Clone-A141B1,1.90114,Venetoclax,GDSC2,0.5076428225794598
Venetoclax,NCI-H2369,1.186607,Venetoclax,GDSC2,0.4654163111468432
Venetoclax,NCI-H2373,3.38932,Venetoclax,GDSC2,0.5955892852114049
Venetoclax,NCI-H2461,4.477132,Venetoclax,GDSC2,0.6598753375764288
Venetoclax,NCI-H2722,3.024083,Venetoclax,GDSC2,0.5740049995925257
Venetoclax,NCI-H2795,2.244121,Venetoclax,GDSC2,0.5279118530058646
Venetoclax,NCI-H2818,3.067848,Venetoclax,GDSC2,0.5765913647748874
Venetoclax,HCC1428,4.431429,Venetoclax,GDSC2,0.6571744430732989
Venetoclax,HCC-78,2.681557,Venetoclax,GDSC2,0.5537628581449389
Venetoclax,HDQ-P1,3.175417,Venetoclax,GDSC2,0.5829483330440857
Venetoclax,ALL-SIL,-2.932972,Venetoclax,GDSC2,0.22196296505776436
Venetoclax,AMO-1,1.242358,Venetoclax,GDSC2,0.4687110088569277
Venetoclax,COR-L303,-0.869966,Venetoclax,GDSC2,0.34387972249871795
Venetoclax,DND-41,1.036875,Venetoclax,GDSC2,0.4565676505393855
Venetoclax,EJM,2.658492,Venetoclax,GDSC2,0.5523997937571593
Venetoclax,Farage,1.402003,Venetoclax,GDSC2,0.4781454946226797
Venetoclax,HeLa,1.887757,Venetoclax,GDSC2,0.506851932022267
Venetoclax,HPAC,3.94532,Venetoclax,GDSC2,0.6284470263605679
Venetoclax,Hs-766T,6.231758,Venetoclax,GDSC2,0.7635678680109454
Venetoclax,Hs-939-T,2.620256,Venetoclax,GDSC2,0.5501401739899302
Venetoclax,Hs-940-T,3.66922,Venetoclax,GDSC2,0.6121304394337982
Venetoclax,huH-1,2.706523,Venetoclax,GDSC2,0.5552382652771871
Venetoclax,JHH-1,1.490414,Venetoclax,GDSC2,0.48337028914199376
Venetoclax,JHU-029,2.415383,Venetoclax,GDSC2,0.5380328646330013
Venetoclax,JIMT-1,3.425505,Venetoclax,GDSC2,0.5977276977356538
Venetoclax,K2,1.181713,Venetoclax,GDSC2,0.4651270921087424
Venetoclax,KMH-2,2.226432,Venetoclax,GDSC2,0.5268664922447359
Venetoclax,KMRC-1,2.722818,Venetoclax,GDSC2,0.5562012452988159
Venetoclax,KMRC-20,2.740997,Venetoclax,GDSC2,0.5572755634217487
Venetoclax,KON,1.942211,Venetoclax,GDSC2,0.5100699813685557
Venetoclax,KP-1N,4.63356,Venetoclax,GDSC2,0.6691197093974383
Venetoclax,KP-2,5.316753,Venetoclax,GDSC2,0.7094941316077262
Venetoclax,KP-3,5.735532,Venetoclax,GDSC2,0.7342425704219444
Venetoclax,KYSE-50,2.034055,Venetoclax,GDSC2,0.5154976547104689
Venetoclax,LC-1-sq,3.621756,Venetoclax,GDSC2,0.6093254757181438
Venetoclax,LOU-NH91,3.47046,Venetoclax,GDSC2,0.6003843879395399
Venetoclax,NCI-H1435,2.764285,Venetoclax,GDSC2,0.558651806363982
Venetoclax,NCI-H1568,2.747248,Venetoclax,GDSC2,0.5576449766230498
Venetoclax,NCI-H1688,1.281496,Venetoclax,GDSC2,0.471023933808539
Venetoclax,NCI-H1781,2.751336,Venetoclax,GDSC2,0.5578865637558156
Venetoclax,NCI-H2110,1.792159,Venetoclax,GDSC2,0.5012024098309402
Venetoclax,NCI-H2135,3.667447,Venetoclax,GDSC2,0.6120256610613927
Venetoclax,NCI-H2172,2.158414,Venetoclax,GDSC2,0.5228468558463839
Venetoclax,NCI-H2444,2.479743,Venetoclax,GDSC2,0.541836325460987
Venetoclax,NUGC-4,4.025968,Venetoclax,GDSC2,0.6332130535335853
Venetoclax,OCUM-1,2.875054,Venetoclax,GDSC2,0.5651978839347583
Venetoclax,OE21,1.899386,Venetoclax,GDSC2,0.5075391670435324
Venetoclax,OSC-19,2.283897,Venetoclax,GDSC2,0.5302624816244782
Venetoclax,OVTOKO,4.011421,Venetoclax,GDSC2,0.6323533744679435
Venetoclax,PANC-02-03,1.876294,Venetoclax,GDSC2,0.5061745070460208
Venetoclax,PANC-04-03,8.238595,Venetoclax,GDSC2,0.882165225339296
Venetoclax,PA-TU-8902,5.860361,Venetoclax,GDSC2,0.7416195469865289
Venetoclax,PCI-30,2.711998,Venetoclax,GDSC2,0.5555618194728555
Venetoclax,PCI-4B,2.737569,Venetoclax,GDSC2,0.5570729800824334
Venetoclax,PL4,3.760795,Venetoclax,GDSC2,0.6175422157750475
Venetoclax,QGP-1,4.07709,Venetoclax,GDSC2,0.636234192819606
Venetoclax,RERF-LC-KJ,2.758311,Venetoclax,GDSC2,0.5582987629365986
Venetoclax,RERF-LC-Sq1,3.419373,Venetoclax,GDSC2,0.5973653170365052
Venetoclax,RKN,3.248401,Venetoclax,GDSC2,0.587261443439824
Venetoclax,SAT,3.672718,Venetoclax,GDSC2,0.6123371595390856
Venetoclax,SCC90,1.4966,Venetoclax,GDSC2,0.4837358610606067
Venetoclax,SKN-3,2.864822,Venetoclax,GDSC2,0.564593206942963
Venetoclax,STS-0421,2.847231,Venetoclax,GDSC2,0.5635536376541951
Venetoclax,SW1271,3.904305,Venetoclax,GDSC2,0.6260231769842497
Venetoclax,T-T,1.413907,Venetoclax,GDSC2,0.47884898122454955
Venetoclax,TMK-1,2.22607,Venetoclax,GDSC2,0.526845099254995
Venetoclax,TOV-112D,2.601861,Venetoclax,GDSC2,0.5490530909891409
Venetoclax,VCaP,1.528495,Venetoclax,GDSC2,0.48562074892742774
Venetoclax,WM1552C,2.68503,Venetoclax,GDSC2,0.5539681008338077
Venetoclax,WM35,3.410839,Venetoclax,GDSC2,0.5968609861678595
Venetoclax,WM793B,3.06024,Venetoclax,GDSC2,0.5761417574103859
Venetoclax,GA-10,1.510168,Venetoclax,GDSC2,0.484537684499297
Venetoclax,GRANTA-519,-2.650143,Venetoclax,GDSC2,0.23867721338775827
Venetoclax,HCC1500,-3.588015,Venetoclax,GDSC2,0.18325211373479458
Venetoclax,HCC-33,1.97639,Venetoclax,GDSC2,0.5120898459993781
Venetoclax,YMB-1-E,1.60534,Venetoclax,GDSC2,0.4901620315148512
Venetoclax,CHSA8926,1.856723,Venetoclax,GDSC2,0.5050179263769017
Venetoclax,COR-L32,-0.164119,Venetoclax,GDSC2,0.38559292037086407
Venetoclax,COR-L321,1.770733,Venetoclax,GDSC2,0.49993620486356255
Venetoclax,Hs-445,0.08178,Venetoclax,GDSC2,0.4001247291673354
Venetoclax,HSC-39,1.942282,Venetoclax,GDSC2,0.5100741772311844
Venetoclax,NB4,-0.010213,Venetoclax,GDSC2,0.3946882504235675
Venetoclax,JEKO-1,1.549068,Venetoclax,GDSC2,0.4868365444466035
Venetoclax,JJN-3,0.734621,Venetoclax,GDSC2,0.4387054496521568
Venetoclax,JM1,-1.353553,Venetoclax,GDSC2,0.31530134755429295
Venetoclax,JSC-1,0.879134,Venetoclax,GDSC2,0.44724568480807225
Venetoclax,KARPAS-1106P,1.201498,Venetoclax,GDSC2,0.46629631946240463
Venetoclax,KARPAS-231,-4.225242,Venetoclax,GDSC2,0.1455941284483599
Venetoclax,KARPAS-620,-2.248699,Venetoclax,GDSC2,0.2624012116573349
Venetoclax,KCL-22,1.831112,Venetoclax,GDSC2,0.5035044019010542
Venetoclax,KOPN-8,-3.16279,Venetoclax,GDSC2,0.20838148959837882
Venetoclax,L-1236,2.081167,Venetoclax,GDSC2,0.5182818164029498
Venetoclax,MDA-MB-330,1.418301,Venetoclax,GDSC2,0.4791086519342787
Venetoclax,ME-1,-5.226023,Venetoclax,GDSC2,0.0864513172163446
Venetoclax,MOLM-13,-5.781803,Venetoclax,GDSC2,0.05360657733166504
Venetoclax,MOLM-16,1.725794,Venetoclax,GDSC2,0.49728046020618444
Venetoclax,MOLP-8,2.11434,Venetoclax,GDSC2,0.5202422297970886
Venetoclax,MY-M12,-4.639822,Venetoclax,GDSC2,0.12109383649580593
Venetoclax,NCI-H1341,0.266039,Venetoclax,GDSC2,0.411013820042162
Venetoclax,NCI-H1876,0.970455,Venetoclax,GDSC2,0.4526424505985088
Venetoclax,NCI-H2066,2.628171,Venetoclax,GDSC2,0.5506079240280518
Venetoclax,NCI-H660,-0.237357,Venetoclax,GDSC2,0.38126479942431296
Venetoclax,NK-92MI,0.702092,Venetoclax,GDSC2,0.43678309450496056
Venetoclax,NU-DUL-1,2.122123,Venetoclax,GDSC2,0.52070217907652
Venetoclax,OCI-LY-19,-4.914792,Venetoclax,GDSC2,0.10484402879115598
Venetoclax,OCI-M1,1.068612,Venetoclax,GDSC2,0.4584432011344412
Venetoclax,P32-ISH,0.601122,Venetoclax,GDSC2,0.43081610507360985
Venetoclax,PL-21,2.212833,Venetoclax,GDSC2,0.5260628368096866
Venetoclax,PWR-1E,1.935944,Venetoclax,GDSC2,0.5096996226207466
Venetoclax,RCH-ACV,1.070609,Venetoclax,GDSC2,0.45856121715795717
Venetoclax,RC-K8,1.908056,Venetoclax,GDSC2,0.5080515350574951
Venetoclax,ROS-50,-4.9672,Venetoclax,GDSC2,0.10174689120456366
Venetoclax,SLVL,0.14958,Venetoclax,GDSC2,0.40413148249451747
Venetoclax,SU-DHL-10,0.287587,Venetoclax,GDSC2,0.41228723480166235
Venetoclax,SU-DHL-16,-4.652951,Venetoclax,GDSC2,0.12031795648942578
Venetoclax,SU-DHL-4,0.705222,Venetoclax,GDSC2,0.43696806704056645
Venetoclax,SU-DHL-5,0.852114,Venetoclax,GDSC2,0.44564889314287376
Venetoclax,SU-DHL-6,-0.773229,Venetoclax,GDSC2,0.3495965557820751
Venetoclax,SU-DHL-8,0.612232,Venetoclax,GDSC2,0.43147266893002567
Venetoclax,SUP-HD1,-4.931919,Venetoclax,GDSC2,0.10383188035111696
Venetoclax,SUP-M2,0.365883,Venetoclax,GDSC2,0.41691426663802
Venetoclax,TK,-2.750646,Venetoclax,GDSC2,0.2327378220951066
Venetoclax,VAL,-3.608533,Venetoclax,GDSC2,0.1820395685317397
Venetoclax,WIL2-NS,1.583317,Venetoclax,GDSC2,0.488860545843398
Venetoclax,WSU-DLCL2,-2.472778,Venetoclax,GDSC2,0.24915889191099802
Venetoclax,NCI-H740,2.945159,Venetoclax,GDSC2,0.5693408550557333
Venetoclax,DOV13,2.873283,Venetoclax,GDSC2,0.5650932237556663
Venetoclax,Hey,2.678439,Venetoclax,GDSC2,0.553578594769214
Venetoclax,JHOS-2,2.853848,Venetoclax,GDSC2,0.5639446802318642
Venetoclax,JHOS-3,3.83799,Venetoclax,GDSC2,0.622104182192331
Venetoclax,JHOS-4,2.612057,Venetoclax,GDSC2,0.5496556405012936
Venetoclax,OV-7,3.156514,Venetoclax,GDSC2,0.5818312289416709
Venetoclax,OV-17R,3.388738,Venetoclax,GDSC2,0.5955548909571804
Venetoclax,OV-56,3.703819,Venetoclax,GDSC2,0.6141751246604527
Venetoclax,OVCA420,2.216078,Venetoclax,GDSC2,0.5262546054608179
Venetoclax,OVCA433,3.013817,Venetoclax,GDSC2,0.5733983133144009
Venetoclax,OVK-18,2.540125,Venetoclax,GDSC2,0.545404699788449
Venetoclax,PEO1,3.22197,Venetoclax,GDSC2,0.5856994597054471
Venetoclax,UWB1.289,2.545975,Venetoclax,GDSC2,0.5457504152303961
Venetoclax,FLO-1,2.229501,Venetoclax,GDSC2,0.5270478598842805
Venetoclax,OACp4C,1.751083,Venetoclax,GDSC2,0.4987749555585606
Venetoclax,OACM5-1,3.438535,Venetoclax,GDSC2,0.5984977271730164
Venetoclax,SK-GT-2,2.767274,Venetoclax,GDSC2,0.5588284462709872
Venetoclax,SK-GT-4,3.87922,Venetoclax,GDSC2,0.624540737349849
Venetoclax,ESO26,2.372613,Venetoclax,GDSC2,0.535505300624099
Venetoclax,ESO51,2.700989,Venetoclax,GDSC2,0.5549112243787708
Venetoclax,KYAE-1,1.606142,Venetoclax,GDSC2,0.4902094270335592
Venetoclax,EMC-BAC-1,3.31984,Venetoclax,GDSC2,0.5914832495008943
Venetoclax,EMC-BAC-2,2.745173,Venetoclax,GDSC2,0.5575223510603079
Venetoclax,TE-4,2.239024,Venetoclax,GDSC2,0.5276106373464451
Venetoclax,U-CH2,3.532494,Venetoclax,GDSC2,0.6040503899439413
Venetoclax,NCC010,2.536218,Venetoclax,GDSC2,0.5451738091505537
Venetoclax,NCC021,3.677818,Venetoclax,GDSC2,0.6126385524884754
Venetoclax,RCC-FG2,1.722011,Venetoclax,GDSC2,0.4970568975537253
Venetoclax,RCC-JF,1.377136,Venetoclax,GDSC2,0.476675938059449
Venetoclax,RCC-JW,2.952632,Venetoclax,GDSC2,0.5697824843715744
Venetoclax,RCC-ER,2.582503,Venetoclax,GDSC2,0.547909097907908
Venetoclax,RCC-AB,2.687832,Venetoclax,GDSC2,0.5541336896660018
Venetoclax,RCC-MF,2.866141,Venetoclax,GDSC2,0.564671155433207
Venetoclax,KMS-11,2.176982,Venetoclax,GDSC2,0.5239441625687898
Venetoclax,MM1S,0.780591,Venetoclax,GDSC2,0.4414221229626371
Venetoclax,OCI-LY7,-4.711804,Venetoclax,GDSC2,0.11683994095012418
Venetoclax,SNU-175,1.864476,Venetoclax,GDSC2,0.5054761027566309
Venetoclax,SNU-283,2.80088,Venetoclax,GDSC2,0.5608144485174956
Venetoclax,SNU-407,2.223008,Venetoclax,GDSC2,0.5266641452920476
Venetoclax,SNU-61,2.837136,Venetoclax,GDSC2,0.5629570569043736
Venetoclax,SNU-81,2.442986,Venetoclax,GDSC2,0.5396641096490811
Venetoclax,SNU-C5,2.403792,Venetoclax,GDSC2,0.537347875284692
Venetoclax,DiFi,2.581572,Venetoclax,GDSC2,0.5478540789204801
Dasatinib,PFSK-1,1.946487,Dasatinib,GDSC2,0.6813751536972753
Dasatinib,A673,3.494589,Dasatinib,GDSC2,0.7809912130776514
Dasatinib,ES5,2.746192,Dasatinib,GDSC2,0.7328339469594659
Dasatinib,ES7,1.774645,Dasatinib,GDSC2,0.6703175987841994
Dasatinib,EW-11,4.235221,Dasatinib,GDSC2,0.8286488230355269
Dasatinib,SK-ES-1,2.87714,Dasatinib,GDSC2,0.741260086673607
Dasatinib,COLO-829,0.647502,Dasatinib,GDSC2,0.5977890806257219
Dasatinib,5637,-1.828268,Dasatinib,GDSC2,0.43848016471956475
Dasatinib,RT4,1.983942,Dasatinib,GDSC2,0.6837852788079541
Dasatinib,SW780,1.985439,Dasatinib,GDSC2,0.6838816065957176
Dasatinib,TCCSUP,1.837329,Dasatinib,GDSC2,0.6743511398985443
Dasatinib,C-33-A,0.115748,Dasatinib,GDSC2,0.5635721892065826
Dasatinib,C-4-I,0.85553,Dasatinib,GDSC2,0.6111751040277852
Dasatinib,ME-180,-0.256546,Dasatinib,GDSC2,0.5396161054272465
Dasatinib,42-MG-BA,-2.232822,Dasatinib,GDSC2,0.41244823963544963
Dasatinib,8-MG-BA,-1.182148,Dasatinib,GDSC2,0.48005619025718993
Dasatinib,A172,1.048542,Dasatinib,GDSC2,0.62359488958011
Dasatinib,GB-1,0.988884,Dasatinib,GDSC2,0.6197560631523201
Dasatinib,T98G,-1.583743,Dasatinib,GDSC2,0.4542146685959155
Dasatinib,U-118-MG,0.911141,Dasatinib,GDSC2,0.6147535172577934
Dasatinib,U-87-MG,4.516399,Dasatinib,GDSC2,0.8467418455524252
Dasatinib,YKG-1,0.601624,Dasatinib,GDSC2,0.5948369588842263
Dasatinib,ChaGo-K-1,3.192499,Dasatinib,GDSC2,0.7615525615041647
Dasatinib,NCI-H720,3.101151,Dasatinib,GDSC2,0.7556745716867764
Dasatinib,Calu-3,4.593011,Dasatinib,GDSC2,0.8516716147415673
Dasatinib,COR-L23,0.914144,Dasatinib,GDSC2,0.6149467519582971
Dasatinib,LK-2,4.751396,Dasatinib,GDSC2,0.8618632491202846
Dasatinib,NCI-H1437,2.212564,Dasatinib,GDSC2,0.698496468850768
Dasatinib,NCI-H1623,4.102117,Dasatinib,GDSC2,0.8200839507158957
Dasatinib,NCI-H1648,-1.442948,Dasatinib,GDSC2,0.46327443538160545
Dasatinib,NCI-H1650,0.404879,Dasatinib,GDSC2,0.5821769651610788
Dasatinib,NCI-H1693,0.408942,Dasatinib,GDSC2,0.5824384079143744
Dasatinib,NCI-H1770,3.030425,Dasatinib,GDSC2,0.7511235502322879
Dasatinib,NCI-H1838,0.751657,Dasatinib,GDSC2,0.6044911652847192
Dasatinib,NCI-H2085,-1.715064,Dasatinib,GDSC2,0.4457645273688579
Dasatinib,NCI-H2170,0.797259,Dasatinib,GDSC2,0.6074255271936012
Dasatinib,NCI-H2228,1.621722,Dasatinib,GDSC2,0.6604774289190192
Dasatinib,NCI-H2342,4.892843,Dasatinib,GDSC2,0.8709649702931634
Dasatinib,NCI-H2347,6.221796,Dasatinib,GDSC2,0.9564794008421381
Dasatinib,NCI-H2405,3.11479,Dasatinib,GDSC2,0.7565522034151051
Dasatinib,NCI-H661,0.787783,Dasatinib,GDSC2,0.6068157729405297
Dasatinib,COR-L311,3.868071,Dasatinib,GDSC2,0.8050237413538901
Dasatinib,DMS-114,3.946837,Dasatinib,GDSC2,0.8100921144540829
Dasatinib,DMS-273,3.040542,Dasatinib,GDSC2,0.7517745510531326
Dasatinib,NCI-H1048,3.263936,Dasatinib,GDSC2,0.7661493338317994
Dasatinib,NCI-H1092,4.611441,Dasatinib,GDSC2,0.8528575339990713
Dasatinib,NCI-H1694,3.866296,Dasatinib,GDSC2,0.8049095250390735
Dasatinib,NCI-H1963,3.044005,Dasatinib,GDSC2,0.7519973854746593
Dasatinib,NCI-H2029,3.722384,Dasatinib,GDSC2,0.7956491879698439
Dasatinib,NCI-H209,2.460777,Dasatinib,GDSC2,0.7144682852730588
Dasatinib,NCI-H2141,4.787193,Dasatinib,GDSC2,0.8641666865408417
Dasatinib,NCI-H2171,2.335155,Dasatinib,GDSC2,0.706384858850587
Dasatinib,NCI-H2227,4.656003,Dasatinib,GDSC2,0.8557249747995536
Dasatinib,NCI-H345,1.926366,Dasatinib,GDSC2,0.6800804232914025
Dasatinib,NCI-H446,3.725964,Dasatinib,GDSC2,0.7958795510160653
Dasatinib,NCI-H526,3.248877,Dasatinib,GDSC2,0.7651803290516177
Dasatinib,NCI-H64,3.025115,Dasatinib,GDSC2,0.7507818664961324
Dasatinib,NCI-H69,3.274772,Dasatinib,GDSC2,0.7668466003035473
Dasatinib,NCI-H82,3.396452,Dasatinib,GDSC2,0.774676369986297
Dasatinib,NCI-H2052,0.339225,Dasatinib,GDSC2,0.5779523128044776
Dasatinib,SK-N-DZ,2.195185,Dasatinib,GDSC2,0.6973781785210794
Dasatinib,SK-N-FI,4.321956,Dasatinib,GDSC2,0.8342299791288313
Dasatinib,VA-ES-BJ,1.734822,Dasatinib,GDSC2,0.6677550994574724
Dasatinib,VMRC-LCD,5.064531,Dasatinib,GDSC2,0.8820126157344186
Dasatinib,LU-139,3.789239,Dasatinib,GDSC2,0.7999511213372027
Dasatinib,SBC-5,3.78919,Dasatinib,GDSC2,0.7999479683234415
Dasatinib,SBC-1,2.899516,Dasatinib,GDSC2,0.7426999200597117
Dasatinib,LU-135,3.802387,Dasatinib,GDSC2,0.8007971585807003
Dasatinib,SK-N-SH,2.288988,Dasatinib,GDSC2,0.7034141407626225
Dasatinib,NCI-H2030,-1.543296,Dasatinib,GDSC2,0.4568173205876823
Dasatinib,NCI-H2122,2.526692,Dasatinib,GDSC2,0.7187097322539797
Dasatinib,NCI-H1734,3.322273,Dasatinib,GDSC2,0.7699031575824781
Dasatinib,NCI-H650,3.422625,Dasatinib,GDSC2,0.7763605297652797
Dasatinib,T24,1.063229,Dasatinib,GDSC2,0.6245399571945951
Dasatinib,NCI-H929,0.65255,Dasatinib,GDSC2,0.5981139053903383
Dasatinib,SK-N-AS,2.643654,Dasatinib,GDSC2,0.7262359117545859
Dasatinib,NCI-H1299,-0.375836,Dasatinib,GDSC2,0.5319401255993765
Dasatinib,NCI-H2087,4.609474,Dasatinib,GDSC2,0.8527309630180886
Dasatinib,UM-UC-3,0.664786,Dasatinib,GDSC2,0.5989012579695471
Dasatinib,SW756,3.355262,Dasatinib,GDSC2,0.7720259080103563
Dasatinib,NCI-H727,1.929797,Dasatinib,GDSC2,0.6803011986019015
Dasatinib,Calu-6,3.153303,Dasatinib,GDSC2,0.7590304078841363
Dasatinib,LU-65,5.154686,Dasatinib,GDSC2,0.8878138393188063
Dasatinib,NCI-H1355,3.66928,Dasatinib,GDSC2,0.7922320932194105
Dasatinib,NCI-H1792,0.111797,Dasatinib,GDSC2,0.5633179533418837
Dasatinib,HPAF-II,1.572698,Dasatinib,GDSC2,0.6573228708246149
Dasatinib,MIA-PaCa-2,2.569052,Dasatinib,GDSC2,0.7214354804768699
Dasatinib,SHP-77,3.933855,Dasatinib,GDSC2,0.8092567588490414
Dasatinib,NCI-H2009,-0.025555,Dasatinib,GDSC2,0.5544797340333283
Dasatinib,NCI-H2291,1.21527,Dasatinib,GDSC2,0.634323372812075
Dasatinib,SW1573,2.83153,Dasatinib,GDSC2,0.7383252099869682
Dasatinib,TE-5,1.6012,Dasatinib,GDSC2,0.6591568952780807
Dasatinib,HCC1954,3.136736,Dasatinib,GDSC2,0.7579643674967752
Dasatinib,HCC1143,0.84949,Dasatinib,GDSC2,0.6107864468213107
Dasatinib,HCC1187,4.075631,Dasatinib,GDSC2,0.8183796502571735
Dasatinib,HCC1395,0.868383,Dasatinib,GDSC2,0.6120021588414963
Dasatinib,HCC1599,3.748441,Dasatinib,GDSC2,0.7973258834713511
Dasatinib,HCC1937,1.715269,Dasatinib,GDSC2,0.6664969182723408
Dasatinib,HCC2157,1.564056,Dasatinib,GDSC2,0.6567667821527022
Dasatinib,HCC2218,2.901959,Dasatinib,GDSC2,0.7428571203172311
Dasatinib,HCC38,1.439804,Dasatinib,GDSC2,0.6487715114211029
Dasatinib,BB30-HNC,-2.675116,Dasatinib,GDSC2,0.38398785048306555
Dasatinib,BB49-HNC,-3.0634,Dasatinib,GDSC2,0.35900285466208615
Dasatinib,BB65-RCC,0.854394,Dasatinib,GDSC2,0.6111020055863026
Dasatinib,BEN,3.44865,Dasatinib,GDSC2,0.7780351661557593
Dasatinib,BHY,-0.806112,Dasatinib,GDSC2,0.5042530613323252
Dasatinib,Ca9-22,-1.857143,Dasatinib,GDSC2,0.43662213875318245
Dasatinib,CADO-ES1,3.227585,Dasatinib,GDSC2,0.7638102480515756
Dasatinib,CAL-12T,-0.704404,Dasatinib,GDSC2,0.5107976883449247
Dasatinib,CAL-33,-0.614092,Dasatinib,GDSC2,0.5166090144427921
Dasatinib,CP50-MEL-B,1.711108,Dasatinib,GDSC2,0.666229169491523
Dasatinib,CP66-MEL,4.745225,Dasatinib,GDSC2,0.8614661624280405
Dasatinib,CPC-N,3.068705,Dasatinib,GDSC2,0.7535867617991491
Dasatinib,CTV-1,-7.396881,Dasatinib,GDSC2,0.08015540105778114
Dasatinib,D-542MG,-1.013678,Dasatinib,GDSC2,0.49089676634572404
Dasatinib,DMS-79,3.590436,Dasatinib,GDSC2,0.7871587010360876
Dasatinib,DSH1,3.336207,Dasatinib,GDSC2,0.7707997717405931
Dasatinib,EBC-1,3.128494,Dasatinib,GDSC2,0.7574340177127086
Dasatinib,EC-GI-10,1.240898,Dasatinib,GDSC2,0.6359724633563674
Dasatinib,EPLC-272H,-1.780706,Dasatinib,GDSC2,0.44154064717889197
Dasatinib,HA7-RCC,-1.449588,Dasatinib,GDSC2,0.462847169843362
Dasatinib,HCE-4,1.386588,Dasatinib,GDSC2,0.6453472097820725
Dasatinib,HO-1-u-1,-0.958462,Dasatinib,GDSC2,0.49444976242398436
Dasatinib,HSC-2,-1.651659,Dasatinib,GDSC2,0.4498444628285451
Dasatinib,IM-9,2.52224,Dasatinib,GDSC2,0.7184232584322539
Dasatinib,IST-SL1,2.942868,Dasatinib,GDSC2,0.7454895007244599
Dasatinib,IST-SL2,4.099069,Dasatinib,GDSC2,0.8198878203905092
Dasatinib,J82,4.206486,Dasatinib,GDSC2,0.8267998056798905
Dasatinib,KNS-62,2.999517,Dasatinib,GDSC2,0.7491347063684284
Dasatinib,KOSC-2,-2.031395,Dasatinib,GDSC2,0.42540950704083447
Dasatinib,KP-4,2.248091,Dasatinib,GDSC2,0.7007825325220292
Dasatinib,KYSE-140,0.591396,Dasatinib,GDSC2,0.5941788155220044
Dasatinib,KYSE-410,0.570675,Dasatinib,GDSC2,0.5928454767843625
Dasatinib,KYSE-520,-1.134586,Dasatinib,GDSC2,0.48311667271651715
Dasatinib,KYSE-70,2.7248,Dasatinib,GDSC2,0.7314574312374624
Dasatinib,LB1047-RCC,-2.301305,Dasatinib,GDSC2,0.4080415489945576
Dasatinib,LB2241-RCC,-1.003454,Dasatinib,GDSC2,0.4915546523190676
Dasatinib,LB2518-MEL,4.438968,Dasatinib,GDSC2,0.8417593759904184
Dasatinib,LB373-MEL-D,4.007537,Dasatinib,GDSC2,0.8139979906847118
Dasatinib,LB647-SCLC,3.600863,Dasatinib,GDSC2,0.7878296494950129
Dasatinib,LB771-HNC,4.811392,Dasatinib,GDSC2,0.8657238249083044
Dasatinib,LB831-BLC,0.688135,Dasatinib,GDSC2,0.6004037012003371
Dasatinib,LB996-RCC,-2.001526,Dasatinib,GDSC2,0.427331494143514
Dasatinib,LCLC-103H,1.056699,Dasatinib,GDSC2,0.6241197698505093
Dasatinib,LU-134-A,2.827871,Dasatinib,GDSC2,0.7380897635103971
Dasatinib,LU-165,4.696141,Dasatinib,GDSC2,0.8583077435004592
Dasatinib,LXF-289,-1.939573,Dasatinib,GDSC2,0.43131799744032034
Dasatinib,MS-1,2.77526,Dasatinib,GDSC2,0.7347043919392338
Dasatinib,MZ1-PC,0.99922,Dasatinib,GDSC2,0.6204211560142603
Dasatinib,MZ7-mel,3.877732,Dasatinib,GDSC2,0.8056453998425903
Dasatinib,NCI-H1563,-0.340381,Dasatinib,GDSC2,0.5342215562708253
Dasatinib,NCI-H292,-0.954039,Dasatinib,GDSC2,0.49473437017634136
Dasatinib,NCI-H510A,2.757138,Dasatinib,GDSC2,0.7335382916253713
Dasatinib,NCI-H835,3.393362,Dasatinib,GDSC2,0.7744775370776867
Dasatinib,PC-14,-1.950474,Dasatinib,GDSC2,0.4306165483992975
Dasatinib,SBC-3,1.081763,Dasatinib,GDSC2,0.625732568562939
Dasatinib,SK-MM-2,3.90589,Dasatinib,GDSC2,0.8074572888525087
Dasatinib,TE-15,-1.529676,Dasatinib,GDSC2,0.45769372971883815
Dasatinib,U-266,1.986506,Dasatinib,GDSC2,0.6839502650790469
Dasatinib,BE2-M17,2.272739,Dasatinib,GDSC2,0.7023685627910988
Dasatinib,KELLY,2.55282,Dasatinib,GDSC2,0.7203909964080797
Dasatinib,SIMA,3.969397,Dasatinib,GDSC2,0.8115437877285966
Dasatinib,TE-1,-1.028221,Dasatinib,GDSC2,0.48996096473086354
Dasatinib,TE-10,-0.995358,Dasatinib,GDSC2,0.4920756074090704
Dasatinib,TE-8,-1.71624,Dasatinib,GDSC2,0.4456888550385907
Dasatinib,CAPAN-1,2.95352,Dasatinib,GDSC2,0.7461749273077986
Dasatinib,OVCAR-3,0.373802,Dasatinib,GDSC2,0.5801772466171043
Dasatinib,PC-3,2.10914,Dasatinib,GDSC2,0.6918414220093092
Dasatinib,DU-145,1.007427,Dasatinib,GDSC2,0.6209492536456405
Dasatinib,HCT-116,2.879729,Dasatinib,GDSC2,0.7414266816251902
Dasatinib,HCT-15,0.744042,Dasatinib,GDSC2,0.6040011612073513
Dasatinib,HL-60,2.182174,Dasatinib,GDSC2,0.6965409568466691
Dasatinib,HT-29,1.917509,Dasatinib,GDSC2,0.6795104999672728
Dasatinib,K-562,-5.70066,Dasatinib,GDSC2,0.18930250626030717
Dasatinib,NCI-H226,0.983642,Dasatinib,GDSC2,0.6194187550270983
Dasatinib,NCI-H23,2.327063,Dasatinib,GDSC2,0.7058641611494626
Dasatinib,NCI-H460,2.838061,Dasatinib,GDSC2,0.7387454616782736
Dasatinib,NCI-H522,2.076157,Dasatinib,GDSC2,0.6897190576647486
Dasatinib,T47D,1.838424,Dasatinib,GDSC2,0.6744216001040226
Dasatinib,MCF7,4.730117,Dasatinib,GDSC2,0.8604940046340975
Dasatinib,786-0,-0.458995,Dasatinib,GDSC2,0.5265890751634151
Dasatinib,A498,0.664036,Dasatinib,GDSC2,0.5988529975548358
Dasatinib,A549,-0.520102,Dasatinib,GDSC2,0.5226570096144031
Dasatinib,ACHN,-1.742912,Dasatinib,GDSC2,0.44397258599702016
Dasatinib,BT-549,0.778003,Dasatinib,GDSC2,0.6061864571326953
Dasatinib,CCRF-CEM,2.445847,Dasatinib,GDSC2,0.7135075812842073
Dasatinib,SK-MEL-28,3.272134,Dasatinib,GDSC2,0.7666768523382029
Dasatinib,SK-MEL-2,2.280454,Dasatinib,GDSC2,0.7028650015904284
Dasatinib,SK-MEL-5,3.53265,Dasatinib,GDSC2,0.7834403326034168
Dasatinib,Hs-578-T,-2.584657,Dasatinib,GDSC2,0.38980863562221624
Dasatinib,MOLT-4,2.787238,Dasatinib,GDSC2,0.735475142935782
Dasatinib,SK-OV-3,0.713997,Dasatinib,GDSC2,0.6020678489940195
Dasatinib,MDA-MB-231,0.110852,Dasatinib,GDSC2,0.5632571452193477
Dasatinib,COLO-205,4.199037,Dasatinib,GDSC2,0.8263204832409786
Dasatinib,SW620,3.437531,Dasatinib,GDSC2,0.7773196894208604
Dasatinib,CAKI-1,-3.473399,Dasatinib,GDSC2,0.33262055896716747
Dasatinib,RPMI-8226,1.922007,Dasatinib,GDSC2,0.6797999337611008
Dasatinib,SR,1.398685,Dasatinib,GDSC2,0.6461256180977549
Dasatinib,NCI-H322M,-0.683977,Dasatinib,GDSC2,0.5121121089999997
Dasatinib,IGROV-1,-3.345955,Dasatinib,GDSC2,0.3408212260237779
Dasatinib,OVCAR-5,-0.966706,Dasatinib,GDSC2,0.4939192839454785
Dasatinib,EKVX,2.920186,Dasatinib,GDSC2,0.7440299770891531
Dasatinib,HCC2998,3.691525,Dasatinib,GDSC2,0.7936634971197454
Dasatinib,HOP-62,-0.472217,Dasatinib,GDSC2,0.5257382762256659
Dasatinib,HOP-92,2.221611,Dasatinib,GDSC2,0.6990786181466246
Dasatinib,LOXIMVI,-1.881135,Dasatinib,GDSC2,0.43507832026018
Dasatinib,M14,4.213263,Dasatinib,GDSC2,0.8272358867872213
Dasatinib,UACC-62,3.258135,Dasatinib,GDSC2,0.765776055610813
Dasatinib,UACC-257,3.864017,Dasatinib,GDSC2,0.8047628777255711
Dasatinib,RXF393,-0.91252,Dasatinib,GDSC2,0.49740600238753535
Dasatinib,SN12C,1.408285,Dasatinib,GDSC2,0.6467433514060585
Dasatinib,TK10,-1.064518,Dasatinib,GDSC2,0.487625353700499
Dasatinib,U031,-2.361751,Dasatinib,GDSC2,0.404152016957711
Dasatinib,SNB75,-0.272348,Dasatinib,GDSC2,0.5385992906628907
Dasatinib,U251,4.201788,Dasatinib,GDSC2,0.8264975024421394
Dasatinib,SF539,-0.225114,Dasatinib,GDSC2,0.5416386672341843
Dasatinib,SF295,3.114787,Dasatinib,GDSC2,0.7565520103734461
Dasatinib,SF268,1.52031,Dasatinib,GDSC2,0.6539518486834257
Dasatinib,KM12,4.605338,Dasatinib,GDSC2,0.852464822917761
Dasatinib,OVCAR-4,1.256668,Dasatinib,GDSC2,0.6369872190096955
Dasatinib,OVCAR-8,0.582817,Dasatinib,GDSC2,0.5936267807249276
Dasatinib,BxPC-3,0.077186,Dasatinib,GDSC2,0.56109083172379
Dasatinib,BONNA-12,-2.996906,Dasatinib,GDSC2,0.363281558683164
Dasatinib,BHT-101,-0.286425,Dasatinib,GDSC2,0.5376934748523707
Dasatinib,Becker,2.368511,Dasatinib,GDSC2,0.7085312247080638
Dasatinib,BE-13,-0.058203,Dasatinib,GDSC2,0.5523789260073386
Dasatinib,ARH-77,-1.267272,Dasatinib,GDSC2,0.47457869753468507
Dasatinib,AGS,-0.182296,Dasatinib,GDSC2,0.5443938864836582
Dasatinib,ABC-1,4.477032,Dasatinib,GDSC2,0.8442086885578426
Dasatinib,A2058,3.34216,Dasatinib,GDSC2,0.771182830738961
Dasatinib,A375,3.421919,Dasatinib,GDSC2,0.7763151006282315
Dasatinib,A253,1.655737,Dasatinib,GDSC2,0.6626661995942225
Dasatinib,8305C,-0.579061,Dasatinib,GDSC2,0.5188631618931241
Dasatinib,647-V,0.989231,Dasatinib,GDSC2,0.6197783916375265
Dasatinib,639-V,1.392875,Dasatinib,GDSC2,0.6457517607517919
Dasatinib,697,-0.098677,Dasatinib,GDSC2,0.5497745366406424
Dasatinib,BT-20,1.58132,Dasatinib,GDSC2,0.6578776725521351
Dasatinib,A2780,3.176666,Dasatinib,GDSC2,0.7605337519760009
Dasatinib,COR-L105,0.653431,Dasatinib,GDSC2,0.5981705952908191
Dasatinib,CRO-AP2,1.053867,Dasatinib,GDSC2,0.6239375385245597
Dasatinib,COR-L88,4.315929,Dasatinib,GDSC2,0.8338421584362118
Dasatinib,COLO-824,3.687167,Dasatinib,GDSC2,0.7933830719366634
Dasatinib,COLO-800,2.867003,Dasatinib,GDSC2,0.7406077989083701
Dasatinib,COLO-792,4.420466,Dasatinib,GDSC2,0.840568823733102
Dasatinib,COLO-680N,0.84837,Dasatinib,GDSC2,0.6107143779353419
Dasatinib,COLO-679,5.092191,Dasatinib,GDSC2,0.8837924598289686
Dasatinib,CHP-212,-1.832269,Dasatinib,GDSC2,0.4382227114938852
Dasatinib,CFPAC-1,1.593215,Dasatinib,GDSC2,0.6586430827294553
Dasatinib,Ca-Ski,-1.234419,Dasatinib,GDSC2,0.47669269674069575
Dasatinib,Caov-3,-1.806322,Dasatinib,GDSC2,0.43989232880123486
Dasatinib,CAL-120,1.03652,Dasatinib,GDSC2,0.6228213073058988
Dasatinib,CAL-72,0.651936,Dasatinib,GDSC2,0.5980743961974947
Dasatinib,CAL-62,-0.417557,Dasatinib,GDSC2,0.5292554952498203
Dasatinib,C32,3.818149,Dasatinib,GDSC2,0.8018113994562716
Dasatinib,Daudi,0.855092,Dasatinib,GDSC2,0.6111469199455939
Dasatinib,DB,2.455654,Dasatinib,GDSC2,0.7141386344669713
Dasatinib,Daoy,1.711726,Dasatinib,GDSC2,0.6662689360732451
Dasatinib,D-283MED,1.922367,Dasatinib,GDSC2,0.6798230987601621
Dasatinib,DBTRG-05MG,2.887667,Dasatinib,GDSC2,0.7419374698544939
Dasatinib,DEL,1.557844,Dasatinib,GDSC2,0.656367057224454
Dasatinib,Detroit562,-2.305205,Dasatinib,GDSC2,0.4077905948380592
Dasatinib,DG-75,1.091724,Dasatinib,GDSC2,0.6263735312175236
Dasatinib,DK-MG,0.406838,Dasatinib,GDSC2,0.5823030213643046
Dasatinib,DJM-1,0.78265,Dasatinib,GDSC2,0.6064854786622461
Dasatinib,DOHH-2,-4.37968,Dasatinib,GDSC2,0.27430389642729186
Dasatinib,DoTc2-4510,0.847025,Dasatinib,GDSC2,0.6106278309249599
Dasatinib,DU-4475,1.195162,Dasatinib,GDSC2,0.633029478920057
Dasatinib,EB2,-0.363212,Dasatinib,GDSC2,0.5327524448997959
Dasatinib,EB-3,1.066584,Dasatinib,GDSC2,0.6247558421164033
Dasatinib,ECC10,3.786331,Dasatinib,GDSC2,0.7997639996225624
Dasatinib,ECC12,3.578703,Dasatinib,GDSC2,0.7864037151083451
Dasatinib,EFM-19,0.796879,Dasatinib,GDSC2,0.6074010752501475
Dasatinib,EFO-27,-2.25853,Dasatinib,GDSC2,0.41079400131358795
Dasatinib,EM-2,-6.377414,Dasatinib,GDSC2,0.14575526799699695
Dasatinib,EoL-1-cell,-5.401499,Dasatinib,GDSC2,0.20855268482754155
Dasatinib,ETK-1,-1.765425,Dasatinib,GDSC2,0.4425239370418283
Dasatinib,EVSA-T,2.079217,Dasatinib,GDSC2,0.6899159601567704
Dasatinib,FADU,1.633495,Dasatinib,GDSC2,0.6612349887355462
Dasatinib,FTC-133,1.702186,Dasatinib,GDSC2,0.6656550635981182
Dasatinib,G-361,3.984171,Dasatinib,GDSC2,0.8124944535511882
Dasatinib,GAMG,-0.061394,Dasatinib,GDSC2,0.5521735940295474
Dasatinib,GCIY,-0.367349,Dasatinib,GDSC2,0.5324862404522488
Dasatinib,GDM-1,-4.714997,Dasatinib,GDSC2,0.2527271797876585
Dasatinib,GI-1,1.24645,Dasatinib,GDSC2,0.6363297191196696
Dasatinib,GI-ME-N,1.486275,Dasatinib,GDSC2,0.6517617910638303
Dasatinib,GOTO,3.154272,Dasatinib,GDSC2,0.7590927603399433
Dasatinib,GR-ST,0.771508,Dasatinib,GDSC2,0.6057685219412962
Dasatinib,GCT,-0.53342,Dasatinib,GDSC2,0.521800033343571
Dasatinib,ESS-1,-2.515142,Dasatinib,GDSC2,0.394281732593751
Dasatinib,H4,0.408258,Dasatinib,GDSC2,0.5823943944161578
Dasatinib,H9,2.741751,Dasatinib,GDSC2,0.7325481809571557
Dasatinib,HC-1,1.286426,Dasatinib,GDSC2,0.6389020635709979
Dasatinib,HCC1419,4.002979,Dasatinib,GDSC2,0.8137046960577067
Dasatinib,HCC1569,1.051839,Dasatinib,GDSC2,0.6238070423631805
Dasatinib,HCC1806,-1.15448,Dasatinib,GDSC2,0.48183654912949697
Dasatinib,HCC70,4.162862,Dasatinib,GDSC2,0.823992722571407
Dasatinib,HEC-1,3.087745,Dasatinib,GDSC2,0.7548119328606181
Dasatinib,HEL,2.163815,Dasatinib,GDSC2,0.6953596062417577
Dasatinib,HGC-27,-1.368159,Dasatinib,GDSC2,0.4680868995893895
Dasatinib,HH,3.329438,Dasatinib,GDSC2,0.7703642054110194
Dasatinib,HLE,0.806585,Dasatinib,GDSC2,0.6080256293637304
Dasatinib,HMV-II,3.784845,Dasatinib,GDSC2,0.7996683796542144
Dasatinib,HOS,1.178996,Dasatinib,GDSC2,0.6319892417677614
Dasatinib,HSC-3,-0.757056,Dasatinib,GDSC2,0.5074096785377572
Dasatinib,HSC-4,0.012398,Dasatinib,GDSC2,0.5569219040593753
Dasatinib,HT,-3.326251,Dasatinib,GDSC2,0.3420891236390713
Dasatinib,HT-1080,2.543926,Dasatinib,GDSC2,0.7198186922368242
Dasatinib,HT-1197,1.796824,Dasatinib,GDSC2,0.6717447557680398
Dasatinib,HT-1376,4.718705,Dasatinib,GDSC2,0.8597596741638515
Dasatinib,HT-144,4.293016,Dasatinib,GDSC2,0.832367770593174
Dasatinib,HT-3,2.723086,Dasatinib,GDSC2,0.7313471401030424
Dasatinib,HuCCT1,-0.208115,Dasatinib,GDSC2,0.5427325056204192
Dasatinib,HuH-7,3.941637,Dasatinib,GDSC2,0.8097575089120851
Dasatinib,HuO9,-0.540213,Dasatinib,GDSC2,0.5213629226807265
Dasatinib,HuTu-80,-0.386833,Dasatinib,GDSC2,0.5312324992252707
Dasatinib,IGR-1,4.204445,Dasatinib,GDSC2,0.8266684730046564
Dasatinib,IMR-5,3.344744,Dasatinib,GDSC2,0.7713491039544461
Dasatinib,IPC-298,3.828705,Dasatinib,GDSC2,0.8024906487065271
Dasatinib,IST-MEL1,0.468842,Dasatinib,GDSC2,0.5862928063693112
Dasatinib,IST-MES1,-1.025223,Dasatinib,GDSC2,0.49015387769526925
Dasatinib,JAR,2.579882,Dasatinib,GDSC2,0.7221323608653
Dasatinib,JEG-3,3.48042,Dasatinib,GDSC2,0.7800794773229269
Dasatinib,JiyoyeP-2003,-0.09105,Dasatinib,GDSC2,0.5502653128846458
Dasatinib,JVM-2,-1.697286,Dasatinib,GDSC2,0.44690849223917284
Dasatinib,JVM-3,0.164917,Dasatinib,GDSC2,0.5667360776478311
Dasatinib,KALS-1,0.0802,Dasatinib,GDSC2,0.5612847742437095
Dasatinib,KARPAS-45,-0.184269,Dasatinib,GDSC2,0.5442669294193577
Dasatinib,KARPAS-299,2.40132,Dasatinib,GDSC2,0.7106423926364115
Dasatinib,KARPAS-422,0.595421,Dasatinib,GDSC2,0.5944378130809547
Dasatinib,KASUMI-1,-4.788906,Dasatinib,GDSC2,0.24797134113313563
Dasatinib,KATOIII,2.159329,Dasatinib,GDSC2,0.695070944614565
Dasatinib,KE-37,1.283418,Dasatinib,GDSC2,0.638708507134396
Dasatinib,KG-1,0.971162,Dasatinib,GDSC2,0.6186157017263035
Dasatinib,KINGS-1,3.228885,Dasatinib,GDSC2,0.7638938994370751
Dasatinib,KMOE-2,3.508106,Dasatinib,GDSC2,0.781860994445187
Dasatinib,KMS-12-BM,1.006807,Dasatinib,GDSC2,0.6209093583694791
Dasatinib,KNS-42,1.794362,Dasatinib,GDSC2,0.6715863329133478
Dasatinib,HuP-T3,-1.431134,Dasatinib,GDSC2,0.46403463343413665
Dasatinib,HuP-T4,0.671563,Dasatinib,GDSC2,0.5993373390768778
Dasatinib,HT55,3.142699,Dasatinib,GDSC2,0.7583480699673393
Dasatinib,HT-115,2.273326,Dasatinib,GDSC2,0.7024063346090128
Dasatinib,H-EMC-SS,3.6168,Dasatinib,GDSC2,0.7888551511340166
Dasatinib,GP5d,2.314126,Dasatinib,GDSC2,0.7050317011693037
Dasatinib,DMS-53,4.101645,Dasatinib,GDSC2,0.8200535788282374
Dasatinib,G-402,-1.486889,Dasatinib,GDSC2,0.460446954204504
Dasatinib,G-401,1.393896,Dasatinib,GDSC2,0.6458174592630187
Dasatinib,KY821,3.218266,Dasatinib,GDSC2,0.7632105963119837
Dasatinib,KU812,-8.563891,Dasatinib,GDSC2,0.005061552294913588
Dasatinib,KU-19-19,0.34451,Dasatinib,GDSC2,0.5782923878601426
Dasatinib,KS-1,0.650847,Dasatinib,GDSC2,0.598004322075334
Dasatinib,KP-N-YN,4.685786,Dasatinib,GDSC2,0.8576414280413462
Dasatinib,KYSE-150,1.316235,Dasatinib,GDSC2,0.6408201898405005
Dasatinib,KYSE-180,-0.244153,Dasatinib,GDSC2,0.5404135605199347
Dasatinib,KYSE-270,-1.523773,Dasatinib,GDSC2,0.45807357135622534
Dasatinib,KYSE-450,0.594635,Dasatinib,GDSC2,0.5943872361663373
Dasatinib,KYSE-510,1.88122,Dasatinib,GDSC2,0.677175403714665
Dasatinib,L-428,2.551389,Dasatinib,GDSC2,0.7202989155368106
Dasatinib,L-540,2.509959,Dasatinib,GDSC2,0.7176330102281624
Dasatinib,LAMA-84,-8.267077,Dasatinib,GDSC2,0.024160707937711613
Dasatinib,LC-2-ad,-0.335567,Dasatinib,GDSC2,0.5345313237860518
Dasatinib,LC4-1,2.008316,Dasatinib,GDSC2,0.6853536779388494
Dasatinib,LNCaP-Clone-FGC,2.845198,Dasatinib,GDSC2,0.7392047077846656
Dasatinib,LOUCY,2.338629,Dasatinib,GDSC2,0.7066084010915293
Dasatinib,LoVo,-0.166235,Dasatinib,GDSC2,0.5454273671778941
Dasatinib,LP-1,2.820939,Dasatinib,GDSC2,0.7376437085840262
Dasatinib,LS-123,-0.988903,Dasatinib,GDSC2,0.492490968711685
Dasatinib,LS-411N,4.887732,Dasatinib,GDSC2,0.8706360916537113
Dasatinib,LS-513,2.263929,Dasatinib,GDSC2,0.7018016637862909
Dasatinib,LU-99A,0.919367,Dasatinib,GDSC2,0.615282837486346
Dasatinib,MC-IXC,3.184385,Dasatinib,GDSC2,0.761030448164209
Dasatinib,MDA-MB-175-VII,6.537855,Dasatinib,GDSC2,0.9768169187264264
Dasatinib,MDA-MB-361,2.124647,Dasatinib,GDSC2,0.6928392543438785
Dasatinib,MDA-MB-453,3.927734,Dasatinib,GDSC2,0.8088628895177781
Dasatinib,MDA-MB-468,1.644981,Dasatinib,GDSC2,0.6619740809000437
Dasatinib,MEL-HO,2.858558,Dasatinib,GDSC2,0.7400643866387218
Dasatinib,MEL-JUSO,4.100343,Dasatinib,GDSC2,0.8199697987482988
Dasatinib,MEG-01,-8.642551,Dasatinib,GDSC2,0.0
Dasatinib,MES-SA,3.596498,Dasatinib,GDSC2,0.7875487738813935
Dasatinib,Mewo,3.058836,Dasatinib,GDSC2,0.7529517190887689
Dasatinib,MFE-280,1.990689,Dasatinib,GDSC2,0.6842194294986962
Dasatinib,MFE-296,3.182627,Dasatinib,GDSC2,0.7609173257521258
Dasatinib,MG-63,0.081113,Dasatinib,GDSC2,0.5613435232552181
Dasatinib,MHH-CALL-2,2.984083,Dasatinib,GDSC2,0.748141571380891
Dasatinib,MHH-CALL-4,2.451284,Dasatinib,GDSC2,0.7138574371172539
Dasatinib,MHH-ES-1,4.684659,Dasatinib,GDSC2,0.8575689087248402
Dasatinib,MHH-NB-11,1.53974,Dasatinib,GDSC2,0.6552021151605446
Dasatinib,MHH-PREB-1,2.186886,Dasatinib,GDSC2,0.6968441609454947
Dasatinib,MKN1,0.027692,Dasatinib,GDSC2,0.5579060304361666
Dasatinib,MKN28,1.7704,Dasatinib,GDSC2,0.6700444448369339
Dasatinib,ML-2,1.751146,Dasatinib,GDSC2,0.6688055034704672
Dasatinib,MLMA,-0.826054,Dasatinib,GDSC2,0.5029698490787634
Dasatinib,MN-60,2.647071,Dasatinib,GDSC2,0.7264557862040103
Dasatinib,MOG-G-CCM,-0.96541,Dasatinib,GDSC2,0.4940026779420995
Dasatinib,MOG-G-UVW,1.177885,Dasatinib,GDSC2,0.6319177520067693
Dasatinib,MOLT-13,2.443638,Dasatinib,GDSC2,0.7133654382760778
Dasatinib,MOLT-16,1.372266,Dasatinib,GDSC2,0.6444256289027469
Dasatinib,MONO-MAC-6,0.601151,Dasatinib,GDSC2,0.5948065226493484
Dasatinib,Mo-T,3.426095,Dasatinib,GDSC2,0.7765838146173436
Dasatinib,MPP-89,-0.831402,Dasatinib,GDSC2,0.5026257201482626
Dasatinib,MRK-nu-1,2.752061,Dasatinib,GDSC2,0.733211600791386
Dasatinib,MSTO-211H,4.096456,Dasatinib,GDSC2,0.8197196811056553
Dasatinib,MV-4-11,0.643804,Dasatinib,GDSC2,0.5975511246075857
Dasatinib,NALM-6,-0.336485,Dasatinib,GDSC2,0.5344722530384453
Dasatinib,NAMALWA,0.553217,Dasatinib,GDSC2,0.5917221030243244
Dasatinib,NB69,-2.049984,Dasatinib,GDSC2,0.42421335657541176
Dasatinib,NCCIT,4.418241,Dasatinib,GDSC2,0.8404256511694588
Dasatinib,NCI-H508,4.155772,Dasatinib,GDSC2,0.8235365007843369
Dasatinib,NCI-H520,1.544086,Dasatinib,GDSC2,0.6554817681769913
Dasatinib,SNU-1,2.253719,Dasatinib,GDSC2,0.7011446786740222
Dasatinib,SNU-5,3.334625,Dasatinib,GDSC2,0.7706979744391622
Dasatinib,SNU-16,0.963514,Dasatinib,GDSC2,0.6181235741906882
Dasatinib,NH-12,3.766966,Dasatinib,GDSC2,0.7985179157147184
Dasatinib,NKM-1,-1.213301,Dasatinib,GDSC2,0.47805158132452474
Dasatinib,NMC-G1,0.066878,Dasatinib,GDSC2,0.560427540583999
Dasatinib,no-11,2.62684,Dasatinib,GDSC2,0.7251539776039798
Dasatinib,NOMO-1,2.544231,Dasatinib,GDSC2,0.7198383181388066
Dasatinib,no-10,0.682471,Dasatinib,GDSC2,0.6000392385484379
Dasatinib,NTERA-2-cl-D1,0.585801,Dasatinib,GDSC2,0.5938187928282586
Dasatinib,NUGC-3,0.47956,Dasatinib,GDSC2,0.5869824798691444
Dasatinib,NCI-H747,-0.139693,Dasatinib,GDSC2,0.5471352710809148
Dasatinib,NCI-H716,1.40346,Dasatinib,GDSC2,0.6464328760714164
Dasatinib,NCI-H596,0.625938,Dasatinib,GDSC2,0.5964014971819447
Dasatinib,NCI-H441,3.753639,Dasatinib,GDSC2,0.7976603603189097
Dasatinib,NCI-N87,0.75047,Dasatinib,GDSC2,0.6044147851350363
Dasatinib,NCI-H2452,-1.340109,Dasatinib,GDSC2,0.4698918390995894
Dasatinib,NCI-H1793,2.910322,Dasatinib,GDSC2,0.743395256114871
Dasatinib,NCI-H358,1.878491,Dasatinib,GDSC2,0.6769998001523357
Dasatinib,NCI-H1155,3.708013,Dasatinib,GDSC2,0.794724454076757
Dasatinib,NCI-H1105,3.889739,Dasatinib,GDSC2,0.8064180169085073
Dasatinib,NCI-H1436,2.580158,Dasatinib,GDSC2,0.7221501206979136
Dasatinib,NCI-H28,-0.459304,Dasatinib,GDSC2,0.5265691918725541
Dasatinib,NCI-H1581,3.84521,Dasatinib,GDSC2,0.8035526995662723
Dasatinib,NCI-H1573,2.810621,Dasatinib,GDSC2,0.7369797739720387
Dasatinib,NCI-H1666,0.38431,Dasatinib,GDSC2,0.5808534072008184
Dasatinib,NCI-H1703,-2.658959,Dasatinib,GDSC2,0.3850275085103847
Dasatinib,NCI-H1755,-1.932836,Dasatinib,GDSC2,0.4317515046588664
Dasatinib,NCI-H1993,3.628879,Dasatinib,GDSC2,0.7896324011997459
Dasatinib,NCI-H2081,2.010009,Dasatinib,GDSC2,0.6854626177816575
Dasatinib,NCI-H2196,4.461431,Dasatinib,GDSC2,0.8432048075846293
Dasatinib,NCI-H524,2.652407,Dasatinib,GDSC2,0.7267991429678757
Dasatinib,NCI-H748,2.663136,Dasatinib,GDSC2,0.7274895242871248
Dasatinib,ONS-76,1.510306,Dasatinib,GDSC2,0.6533081190983976
Dasatinib,OPM-2,1.277993,Dasatinib,GDSC2,0.6383594234679848
Dasatinib,OS-RC-2,1.193659,Dasatinib,GDSC2,0.6329327650489758
Dasatinib,P12-ICHIKAWA,1.78418,Dasatinib,GDSC2,0.6709311495232282
Dasatinib,P30-OHK,0.564668,Dasatinib,GDSC2,0.5924589430361353
Dasatinib,P31-FUJ,1.863513,Dasatinib,GDSC2,0.6760360074969426
Dasatinib,PA-1,-1.955928,Dasatinib,GDSC2,0.4302655986635175
Dasatinib,OCUB-M,3.712861,Dasatinib,GDSC2,0.7950364093974505
Dasatinib,OC-314,-1.621207,Dasatinib,GDSC2,0.45180396436026027
Dasatinib,PF-382,-1.160971,Dasatinib,GDSC2,0.48141887132697614
Dasatinib,Raji,2.021391,Dasatinib,GDSC2,0.6861950178353151
Dasatinib,RCM-1,3.007924,Dasatinib,GDSC2,0.7496756734437315
Dasatinib,RD,1.187989,Dasatinib,GDSC2,0.6325679163137589
Dasatinib,REH,2.341691,Dasatinib,GDSC2,0.7068054322779903
Dasatinib,RF-48,1.39134,Dasatinib,GDSC2,0.6456529877696828
Dasatinib,RKO,1.729745,Dasatinib,GDSC2,0.6674284086234872
Dasatinib,RMG-I,0.391699,Dasatinib,GDSC2,0.5813288688065535
Dasatinib,RPMI-6666,-2.119134,Dasatinib,GDSC2,0.4197637463390365
Dasatinib,RPMI-8402,1.308838,Dasatinib,GDSC2,0.6403442134570085
Dasatinib,RS4-11,1.312673,Dasatinib,GDSC2,0.640590985044232
Dasatinib,RT-112,2.698551,Dasatinib,GDSC2,0.729768381069789
Dasatinib,RVH-421,4.256232,Dasatinib,GDSC2,0.8300008224668569
Dasatinib,Saos-2,1.168816,Dasatinib,GDSC2,0.631334187072081
Dasatinib,SAS,0.390037,Dasatinib,GDSC2,0.5812219237275533
Dasatinib,SCC-9,-0.724159,Dasatinib,GDSC2,0.5095265090214309
Dasatinib,SCH,1.100299,Dasatinib,GDSC2,0.626925308625722
Dasatinib,SF126,0.484216,Dasatinib,GDSC2,0.5872820805236717
Dasatinib,SH-4,4.800055,Dasatinib,GDSC2,0.8649943204795294
Dasatinib,SIG-M5,0.773437,Dasatinib,GDSC2,0.6058926477279333
Dasatinib,SJRH30,2.490445,Dasatinib,GDSC2,0.7163773385845957
Dasatinib,SJSA-1,1.848348,Dasatinib,GDSC2,0.6750601819114816
Dasatinib,SK-CO-1,0.958694,Dasatinib,GDSC2,0.6178134205921441
Dasatinib,SK-HEP-1,3.48661,Dasatinib,GDSC2,0.7804777866123436
Dasatinib,SK-LMS-1,2.308482,Dasatinib,GDSC2,0.7046685254617968
Dasatinib,SK-LU-1,0.184,Dasatinib,GDSC2,0.5679640156397435
Dasatinib,SKM-1,1.706705,Dasatinib,GDSC2,0.6659458486835582
Dasatinib,SK-MEL-1,4.734946,Dasatinib,GDSC2,0.8608047373576182
Dasatinib,SK-MEL-3,2.736203,Dasatinib,GDSC2,0.7321911825827319
Dasatinib,SK-MEL-24,2.053689,Dasatinib,GDSC2,0.6882733043344395
Dasatinib,SK-MEL-30,4.079444,Dasatinib,GDSC2,0.8186250062055654
Dasatinib,SK-MEL-31,2.172139,Dasatinib,GDSC2,0.6958952324978328
Dasatinib,SK-MES-1,-0.035246,Dasatinib,GDSC2,0.5538561451280395
Dasatinib,SK-MG-1,-0.308229,Dasatinib,GDSC2,0.5362904480758859
Dasatinib,SK-PN-DW,3.610186,Dasatinib,GDSC2,0.7884295586234833
Dasatinib,SK-UT-1,1.638763,Dasatinib,GDSC2,0.6615739698884778
Dasatinib,SNG-M,-1.285948,Dasatinib,GDSC2,0.4733769488611559
Dasatinib,SNU-387,1.126044,Dasatinib,GDSC2,0.6285819277947096
Dasatinib,SNU-423,0.069156,Dasatinib,GDSC2,0.5605741235502818
Dasatinib,SNU-449,-0.813104,Dasatinib,GDSC2,0.5038031455727773
Dasatinib,SNU-C2B,2.102587,Dasatinib,GDSC2,0.6914197546791723
Dasatinib,SUP-T1,0.350782,Dasatinib,GDSC2,0.5786959736215678
Dasatinib,SW13,-0.576808,Dasatinib,GDSC2,0.5190081361789166
Dasatinib,SW1088,-1.863036,Dasatinib,GDSC2,0.4362429405879914
Dasatinib,SW1116,2.090482,Dasatinib,GDSC2,0.6906408315857331
Dasatinib,SW1417,2.829325,Dasatinib,GDSC2,0.7381833243677172
Dasatinib,SW1463,4.224733,Dasatinib,GDSC2,0.8279739493962048
Dasatinib,SW1710,-2.048034,Dasatinib,GDSC2,0.424338833653661
Dasatinib,SW1783,-0.11558,Dasatinib,GDSC2,0.5486868755874905
Dasatinib,SW48,2.9011,Dasatinib,GDSC2,0.7428018460555817
Dasatinib,SW626,1.219302,Dasatinib,GDSC2,0.6345828208015625
Dasatinib,SW684,3.63058,Dasatinib,GDSC2,0.789741855820311
Dasatinib,SW837,2.794373,Dasatinib,GDSC2,0.7359342603477348
Dasatinib,SW872,1.412908,Dasatinib,GDSC2,0.6470408286023386
Dasatinib,SW948,3.568533,Dasatinib,GDSC2,0.7857493038848609
Dasatinib,SW962,-1.242209,Dasatinib,GDSC2,0.4761914318998951
Dasatinib,SW982,-2.507616,Dasatinib,GDSC2,0.39476600976857323
Dasatinib,T84,1.860005,Dasatinib,GDSC2,0.6758102774505333
Dasatinib,TALL-1,1.29435,Dasatinib,GDSC2,0.6394119509392268
Dasatinib,TGBC1TKB,0.085111,Dasatinib,GDSC2,0.5616007834392387
Dasatinib,TGBC11TKB,4.135876,Dasatinib,GDSC2,0.8222562485028775
Dasatinib,THP-1,2.482088,Dasatinib,GDSC2,0.7158395888702734
Dasatinib,TUR,1.831039,Dasatinib,GDSC2,0.6739463958871661
Dasatinib,TYK-nu,1.233817,Dasatinib,GDSC2,0.6355168206942738
Dasatinib,U-2-OS,2.108178,Dasatinib,GDSC2,0.6917795199840396
Dasatinib,U-698-M,-0.131735,Dasatinib,GDSC2,0.5476473462546105
Dasatinib,UACC-893,3.722497,Dasatinib,GDSC2,0.7956564592056603
Dasatinib,UMC-11,3.675375,Dasatinib,GDSC2,0.7926242895229637
Dasatinib,VMRC-RCZ,1.845362,Dasatinib,GDSC2,0.6748680411137113
Dasatinib,WM-115,3.346026,Dasatinib,GDSC2,0.7714315970899925
Dasatinib,WSU-NHL,-4.716065,Dasatinib,GDSC2,0.2526584569571097
Dasatinib,YAPC,1.406808,Dasatinib,GDSC2,0.6466483105626872
Dasatinib,YH-13,-0.787197,Dasatinib,GDSC2,0.5054701889913424
Dasatinib,ZR-75-30,4.357993,Dasatinib,GDSC2,0.8365488598820959
Dasatinib,RCC10RGB,-0.080548,Dasatinib,GDSC2,0.5509410873850421
Dasatinib,KURAMOCHI,-0.908666,Dasatinib,GDSC2,0.49765399657193143
Dasatinib,KM-H2,3.046934,Dasatinib,GDSC2,0.7521858584809116
Dasatinib,HuO-3N1,-1.028922,Dasatinib,GDSC2,0.4899158573299135
Dasatinib,OE19,1.700103,Dasatinib,GDSC2,0.6655210283396603
Dasatinib,SUP-B8,-2.645102,Dasatinib,GDSC2,0.38591916793258935
Dasatinib,NCI-H838,-3.148041,Dasatinib,GDSC2,0.35355644164665534
Dasatinib,Ramos-2G6-4C10,1.117037,Dasatinib,GDSC2,0.6280023523876375
Dasatinib,RPMI-8866,-0.079396,Dasatinib,GDSC2,0.5510152153820387
Dasatinib,QIMR-WIL,1.472484,Dasatinib,GDSC2,0.6508743785581201
Dasatinib,PSN1,0.092946,Dasatinib,GDSC2,0.5621049439049219
Dasatinib,OAW-42,0.076826,Dasatinib,GDSC2,0.5610676667247286
Dasatinib,OE33,2.113739,Dasatinib,GDSC2,0.6921373548723185
Dasatinib,CW-2,2.622683,Dasatinib,GDSC2,0.7248864862120404
Dasatinib,CHP-126,1.955041,Dasatinib,GDSC2,0.6819255798138617
Dasatinib,CGTH-W-1,-0.949858,Dasatinib,GDSC2,0.49500340590155156
Dasatinib,COLO-320-HSR,2.753378,Dasatinib,GDSC2,0.733296346079619
Dasatinib,ATN-1,1.029992,Dasatinib,GDSC2,0.6224012486562522
Dasatinib,CESS,-0.498471,Dasatinib,GDSC2,0.5240489043218945
Dasatinib,COLO-678,3.608335,Dasatinib,GDSC2,0.788310451919976
Dasatinib,COLO-684,4.355325,Dasatinib,GDSC2,0.8363771815001632
Dasatinib,COLO-668,4.085094,Dasatinib,GDSC2,0.81898856799639
Dasatinib,LN-405,1.073234,Dasatinib,GDSC2,0.6251837511268428
Dasatinib,TGBC24TKB,0.876503,Dasatinib,GDSC2,0.61252465826477
Dasatinib,A388,-0.249605,Dasatinib,GDSC2,0.540062739478594
Dasatinib,BFTC-909,0.770628,Dasatinib,GDSC2,0.6057118963880349
Dasatinib,C2BBe1,1.612047,Dasatinib,GDSC2,0.6598548695692443
Dasatinib,SCC-25,-0.864818,Dasatinib,GDSC2,0.5004754934576088
Dasatinib,AsPC-1,6.898136,Dasatinib,GDSC2,0.9999999993565277
Dasatinib,CA46,0.503544,Dasatinib,GDSC2,0.5885257835843899
Dasatinib,AU565,3.060459,Dasatinib,GDSC2,0.753056154626204
Dasatinib,BALL-1,1.058893,Dasatinib,GDSC2,0.6242609476503446
Dasatinib,BL-41,1.190439,Dasatinib,GDSC2,0.6327255670018155
Dasatinib,BV-173,-5.999335,Dasatinib,GDSC2,0.17008360044180562
Dasatinib,IA-LM,2.005406,Dasatinib,GDSC2,0.6851664275297698
Dasatinib,TGW,3.417606,Dasatinib,GDSC2,0.7760375710700321
Dasatinib,AN3-CA,1.170264,Dasatinib,GDSC2,0.6314273618460835
Dasatinib,A204,0.31461,Dasatinib,GDSC2,0.5763684059936549
Dasatinib,NY,0.944777,Dasatinib,GDSC2,0.6169179003367625
Dasatinib,C3A,4.720366,Dasatinib,GDSC2,0.859866554895632
Dasatinib,A427,2.41302,Dasatinib,GDSC2,0.7113952551059066
Dasatinib,CAL-85-1,0.88624,Dasatinib,GDSC2,0.613151207142161
Dasatinib,CHL-1,2.609717,Dasatinib,GDSC2,0.7240521601625126
Dasatinib,NCI-H146,3.23797,Dasatinib,GDSC2,0.7644784939272771
Dasatinib,NCI-H1651,2.634124,Dasatinib,GDSC2,0.7256226827516552
Dasatinib,RPMI-7951,-1.551683,Dasatinib,GDSC2,0.45627764045677155
Dasatinib,SCC-4,0.48342,Dasatinib,GDSC2,0.5872308601368583
Dasatinib,SNU-C1,4.322252,Dasatinib,GDSC2,0.8342490259058374
Dasatinib,ST486,0.335819,Dasatinib,GDSC2,0.5777331461744689
Dasatinib,SW1990,2.519587,Dasatinib,GDSC2,0.7182525452586153
Dasatinib,UACC-812,2.402879,Dasatinib,GDSC2,0.7107427099517912
Dasatinib,SCC-15,-0.582053,Dasatinib,GDSC2,0.518670635012036
Dasatinib,CAPAN-2,-2.017586,Dasatinib,GDSC2,0.4262980777964976
Dasatinib,CAL-27,-0.669984,Dasatinib,GDSC2,0.513012519644072
Dasatinib,BC-3,1.211948,Dasatinib,GDSC2,0.634109611348514
Dasatinib,BC-1,1.539176,Dasatinib,GDSC2,0.6551658233286818
Dasatinib,A704,-1.799428,Dasatinib,GDSC2,0.4403359385332605
Dasatinib,A101D,1.831502,Dasatinib,GDSC2,0.6739761886498479
Dasatinib,769-P,-0.765923,Dasatinib,GDSC2,0.5068391117414313
Dasatinib,23132-87,1.796813,Dasatinib,GDSC2,0.6717440479486241
Dasatinib,A431,-0.299307,Dasatinib,GDSC2,0.5368645539692907
Dasatinib,BFTC-905,-0.376459,Dasatinib,GDSC2,0.5319000372815564
Dasatinib,CAL-51,1.537032,Dasatinib,GDSC2,0.6550278628898273
Dasatinib,SCC-3,1.704537,Dasatinib,GDSC2,0.665806343911433
Dasatinib,RERF-LC-MS,-0.095291,Dasatinib,GDSC2,0.5499924163262587
Dasatinib,GAK,3.537571,Dasatinib,GDSC2,0.7837569852711421
Dasatinib,AM-38,4.34315,Dasatinib,GDSC2,0.835593754101351
Dasatinib,A4-Fuk,0.754851,Dasatinib,GDSC2,0.6046966903041695
Dasatinib,A3-KAW,1.306393,Dasatinib,GDSC2,0.6401868845050499
Dasatinib,DOK,-2.340927,Dasatinib,GDSC2,0.40549198345897314
Dasatinib,COR-L279,3.245661,Dasatinib,GDSC2,0.764973388393336
Dasatinib,CHP-134,2.507015,Dasatinib,GDSC2,0.717443572013616
Dasatinib,NEC8,3.085175,Dasatinib,GDSC2,0.7546465605062076
Dasatinib,CAS-1,-0.043393,Dasatinib,GDSC2,0.5533319083298365
Dasatinib,ALL-PO,1.452476,Dasatinib,GDSC2,0.6495869193880638
Dasatinib,OCI-AML2,1.819227,Dasatinib,GDSC2,0.6731863265290741
Dasatinib,MFM-223,3.855178,Dasatinib,GDSC2,0.8041941126513943
Dasatinib,CML-T1,-7.030471,Dasatinib,GDSC2,0.10373286579690269
Dasatinib,CAL-54,-3.893999,Dasatinib,GDSC2,0.30555611839711067
Dasatinib,EFO-21,1.693427,Dasatinib,GDSC2,0.6650914463015106
Dasatinib,LS-1034,3.853177,Dasatinib,GDSC2,0.8040653538649447
Dasatinib,22RV1,4.195243,Dasatinib,GDSC2,0.8260763498897594
Dasatinib,8505C,1.129743,Dasatinib,GDSC2,0.6288199481600653
Dasatinib,B-CPAP,-0.782061,Dasatinib,GDSC2,0.5058006763112849
Dasatinib,BPH-1,-2.67653,Dasatinib,GDSC2,0.38389686351453006
Dasatinib,CAL-148,2.370161,Dasatinib,GDSC2,0.7086373976204285
Dasatinib,CAL-39,-3.071824,Dasatinib,GDSC2,0.35846079368404965
Dasatinib,CaR-1,-0.673239,Dasatinib,GDSC2,0.5128030694442253
Dasatinib,HDLM-2,2.596284,Dasatinib,GDSC2,0.7231877839614247
Dasatinib,HO-1-N-1,-1.499102,Dasatinib,GDSC2,0.45966108161134633
Dasatinib,HTC-C3,-0.728101,Dasatinib,GDSC2,0.5092728522817087
Dasatinib,KGN,-2.283759,Dasatinib,GDSC2,0.4091705853099219
Dasatinib,KLE,-1.196487,Dasatinib,GDSC2,0.47913351547513083
Dasatinib,KNS-81-FD,3.278313,Dasatinib,GDSC2,0.7670744538082038
Dasatinib,KP-N-RT-BM-1,3.871028,Dasatinib,GDSC2,0.8052140160822916
Dasatinib,K5,-0.964158,Dasatinib,GDSC2,0.49408324066105747
Dasatinib,L-363,1.759058,Dasatinib,GDSC2,0.6693146186720609
Dasatinib,MDA-MB-415,1.83743,Dasatinib,GDSC2,0.6743576389677254
Dasatinib,NCI-H250,4.580865,Dasatinib,GDSC2,0.850890053412124
Dasatinib,NCI-H1975,-0.143777,Dasatinib,GDSC2,0.5468724770360072
Dasatinib,SW954,-1.494326,Dasatinib,GDSC2,0.45996840393222743
Dasatinib,TE-441-T,2.831177,Dasatinib,GDSC2,0.7383024954184442
Dasatinib,MKN7,1.020603,Dasatinib,GDSC2,0.6217970926112872
Dasatinib,MDA-MB-157,3.619962,Dasatinib,GDSC2,0.7890586170424392
Dasatinib,MMAc-SF,3.39708,Dasatinib,GDSC2,0.7747167800402153
Dasatinib,MKN45,4.174122,Dasatinib,GDSC2,0.8247172722642716
Dasatinib,NCI-H810,4.757728,Dasatinib,GDSC2,0.8622706957148866
Dasatinib,MFH-ino,1.187431,Dasatinib,GDSC2,0.6325320105652137
Dasatinib,NOS-1,-1.474815,Dasatinib,GDSC2,0.46122388253413515
Dasatinib,PANC-03-27,-0.427059,Dasatinib,GDSC2,0.5286440679690388
Dasatinib,PANC-08-13,2.401065,Dasatinib,GDSC2,0.7106259840954098
Dasatinib,PANC-10-05,0.079492,Dasatinib,GDSC2,0.5612392164122222
Dasatinib,RL95-2,1.97348,Dasatinib,GDSC2,0.6831120781963422
Dasatinib,RO82-W-1,0.930837,Dasatinib,GDSC2,0.6160209000953298
Dasatinib,SiHa,2.382471,Dasatinib,GDSC2,0.7094295118938889
Dasatinib,SKG-IIIa,0.267076,Dasatinib,GDSC2,0.5733097252564768
Dasatinib,TT,6.269926,Dasatinib,GDSC2,0.9595764325222067
Dasatinib,VMRC-MELG,-2.245691,Dasatinib,GDSC2,0.4116201552662246
Dasatinib,TE-9,1.226712,Dasatinib,GDSC2,0.6350596336989095
Dasatinib,TE-11,-0.849409,Dasatinib,GDSC2,0.5014670197646558
Dasatinib,TE-6,0.498827,Dasatinib,GDSC2,0.5882222577494661
Dasatinib,TE-12,-0.541546,Dasatinib,GDSC2,0.5212771478369796
Dasatinib,TC-YIK,3.319286,Dasatinib,GDSC2,0.7697109524374881
Dasatinib,YT,1.291138,Dasatinib,GDSC2,0.6392052676698236
Dasatinib,BT-474,5.601392,Dasatinib,GDSC2,0.9165581284041315
Dasatinib,OAW-28,1.910247,Dasatinib,GDSC2,0.6790432104584287
Dasatinib,LCLC-97TM1,3.258583,Dasatinib,GDSC2,0.7658048831652006
Dasatinib,KP-N-YS,1.566804,Dasatinib,GDSC2,0.6569436083122041
Dasatinib,D-245MG,-1.51691,Dasatinib,GDSC2,0.4585151863244429
Dasatinib,D-247MG,1.177819,Dasatinib,GDSC2,0.6319135050902746
Dasatinib,D-263MG,-0.630893,Dasatinib,GDSC2,0.5155279168060408
Dasatinib,D-336MG,-1.623444,Dasatinib,GDSC2,0.45166001962998154
Dasatinib,D-392MG,1.656034,Dasatinib,GDSC2,0.662685310718448
Dasatinib,D-423MG,-1.907967,Dasatinib,GDSC2,0.4333517556634711
Dasatinib,D-502MG,-0.925919,Dasatinib,GDSC2,0.49654381399191433
Dasatinib,D-566MG,-0.355214,Dasatinib,GDSC2,0.5332670939622765
Dasatinib,CAMA-1,3.542911,Dasatinib,GDSC2,0.7841005994238861
Dasatinib,CTB-1,-3.654396,Dasatinib,GDSC2,0.3209739052585166
Dasatinib,Caov-4,4.538388,Dasatinib,GDSC2,0.8481567765645387
Dasatinib,BT-483,6.64251,Dasatinib,GDSC2,0.9835511769952312
Dasatinib,M059J,-0.386408,Dasatinib,GDSC2,0.5312598467936072
Dasatinib,HAL-01,1.386398,Dasatinib,GDSC2,0.6453349838103457
Dasatinib,OMC-1,-0.17151,Dasatinib,GDSC2,0.5450879355944251
Dasatinib,ES8,2.557424,Dasatinib,GDSC2,0.7206872510071869
Dasatinib,ES4,2.692545,Dasatinib,GDSC2,0.7293819116687815
Dasatinib,ES6,0.449825,Dasatinib,GDSC2,0.5850691152938933
Dasatinib,ES1,3.044892,Dasatinib,GDSC2,0.7520544614584577
Dasatinib,EW-7,2.422323,Dasatinib,GDSC2,0.7119938772899848
Dasatinib,EW-3,4.151439,Dasatinib,GDSC2,0.8232576842817453
Dasatinib,EW-12,1.626153,Dasatinib,GDSC2,0.6607625514491331
Dasatinib,EW-1,3.2229,Dasatinib,GDSC2,0.7635087813276796
Dasatinib,EW-18,2.945771,Dasatinib,GDSC2,0.7456763007030022
Dasatinib,EW-16,1.881096,Dasatinib,GDSC2,0.6771674246594327
Dasatinib,EW-13,4.141348,Dasatinib,GDSC2,0.8226083564886105
Dasatinib,EW-22,4.139074,Dasatinib,GDSC2,0.8224620309112061
Dasatinib,EW-24,4.740617,Dasatinib,GDSC2,0.8611696504400548
Dasatinib,LAN-6,3.832902,Dasatinib,GDSC2,0.8027607139872511
Dasatinib,NB10,2.644976,Dasatinib,GDSC2,0.7263209787789169
Dasatinib,NB12,3.839688,Dasatinib,GDSC2,0.8031973742195584
Dasatinib,NB6,1.665702,Dasatinib,GDSC2,0.6633074196376856
Dasatinib,NB7,1.245531,Dasatinib,GDSC2,0.6362705840248435
Dasatinib,NB5,2.384183,Dasatinib,GDSC2,0.7095396743338698
Dasatinib,NB13,3.315288,Dasatinib,GDSC2,0.7694536922534675
Dasatinib,NB14,3.320935,Dasatinib,GDSC2,0.7698170610026333
Dasatinib,NB1,4.202792,Dasatinib,GDSC2,0.8265621070506329
Dasatinib,RH-1,2.75343,Dasatinib,GDSC2,0.733299692135039
Dasatinib,MZ2-MEL,3.306305,Dasatinib,GDSC2,0.7688756611796662
Dasatinib,Jurkat,1.443657,Dasatinib,GDSC2,0.6490194412582794
Dasatinib,LS-180,4.751926,Dasatinib,GDSC2,0.8618973531466805
Dasatinib,BICR22,0.687387,Dasatinib,GDSC2,0.6003555694800651
Dasatinib,BICR78,1.087229,Dasatinib,GDSC2,0.6260842904653544
Dasatinib,CCK-81,0.940785,Dasatinib,GDSC2,0.6166610262360596
Dasatinib,COLO-783,4.046397,Dasatinib,GDSC2,0.8164985236389495
Dasatinib,EN,4.566008,Dasatinib,GDSC2,0.8499340467703043
Dasatinib,ES-2,2.184687,Dasatinib,GDSC2,0.6967026614095615
Dasatinib,FU-OV-1,-0.649355,Dasatinib,GDSC2,0.5143399384375092
Dasatinib,G-MEL,2.790563,Dasatinib,GDSC2,0.7356890974410017
Dasatinib,NCI-H2591,2.846469,Dasatinib,GDSC2,0.7392864931007963
Dasatinib,NCI-H2595,1.339651,Dasatinib,GDSC2,0.6423269443350046
Dasatinib,NCI-H2731,2.952119,Dasatinib,GDSC2,0.746084776853118
Dasatinib,NCI-H2803,2.669475,Dasatinib,GDSC2,0.7278974213122641
Dasatinib,NCI-H2804,-0.651504,Dasatinib,GDSC2,0.5142016562625567
Dasatinib,NCI-H2810,-1.370834,Dasatinib,GDSC2,0.4679147707769194
Dasatinib,NCI-H2869,-0.845658,Dasatinib,GDSC2,0.5017083861854316
Dasatinib,NCI-H290,1.513963,Dasatinib,GDSC2,0.6535434368805295
Dasatinib,NCI-H3118,-2.134297,Dasatinib,GDSC2,0.4187880494480147
Dasatinib,NCI-H513,4.347977,Dasatinib,GDSC2,0.8359043581304325
Dasatinib,HARA,0.346439,Dasatinib,GDSC2,0.5784165136467799
Dasatinib,HCC-15,2.529506,Dasatinib,GDSC2,0.7188908053299762
Dasatinib,HCC-366,-1.377818,Dasatinib,GDSC2,0.46746536979512854
Dasatinib,HCC-44,-1.637623,Dasatinib,GDSC2,0.4507476404030609
Dasatinib,HCC-827,-1.569253,Dasatinib,GDSC2,0.45514705980813647
Dasatinib,Hep3B2-1-7,1.058197,Dasatinib,GDSC2,0.6242161619854926
Dasatinib,Hs-633T,-1.635414,Dasatinib,GDSC2,0.45088978341119035
Dasatinib,Hs-683,0.392945,Dasatinib,GDSC2,0.5814090454421936
Dasatinib,Hs-746T,2.166025,Dasatinib,GDSC2,0.6955018135971068
Dasatinib,IGR-37,4.142721,Dasatinib,GDSC2,0.8226967052211419
Dasatinib,IHH-4,-0.191019,Dasatinib,GDSC2,0.5438325856869566
Dasatinib,IM-95,4.202679,Dasatinib,GDSC2,0.8265548358148164
Dasatinib,JHH-2,-1.037945,Dasatinib,GDSC2,0.4893352523673276
Dasatinib,JHH-4,-1.424464,Dasatinib,GDSC2,0.4644638293889685
Dasatinib,JHH-6,2.033498,Dasatinib,GDSC2,0.6869740696231935
Dasatinib,JHH-7,4.837609,Dasatinib,GDSC2,0.86741081596495
Dasatinib,JHU-011,-2.182472,Dasatinib,GDSC2,0.4156881221430634
Dasatinib,JHU-022,-1.287958,Dasatinib,GDSC2,0.47324761094972984
Dasatinib,KYM-1,2.81862,Dasatinib,GDSC2,0.7374944873817391
Dasatinib,KYSE-220,1.450555,Dasatinib,GDSC2,0.6494633083791834
Dasatinib,LN-18,2.193607,Dasatinib,GDSC2,0.697276638608527
Dasatinib,LN-229,3.28717,Dasatinib,GDSC2,0.7676443771323337
Dasatinib,LNZTA3WT4,2.416532,Dasatinib,GDSC2,0.7116212425411944
Dasatinib,MDA-MB-436,4.500248,Dasatinib,GDSC2,0.8457025736084238
Dasatinib,MDST8,2.80903,Dasatinib,GDSC2,0.7368773975456314
Dasatinib,MFE-319,2.653544,Dasatinib,GDSC2,0.726872305756578
Dasatinib,ML-1,-1.992982,Dasatinib,GDSC2,0.4278812767879044
Dasatinib,MS751,2.349959,Dasatinib,GDSC2,0.707337455089767
Dasatinib,NB(TU)1-10,2.378045,Dasatinib,GDSC2,0.7091447110998731
Dasatinib,NCI-H1836,4.743931,Dasatinib,GDSC2,0.8613828971258588
Dasatinib,NCI-H1869,2.51643,Dasatinib,GDSC2,0.7180494010862908
Dasatinib,NCI-H1915,0.747008,Dasatinib,GDSC2,0.6041920150607292
Dasatinib,NCI-H1944,4.292988,Dasatinib,GDSC2,0.8323659688710248
Dasatinib,NCI-H196,4.287397,Dasatinib,GDSC2,0.8320062035661575
Dasatinib,NCI-H2023,1.704099,Dasatinib,GDSC2,0.6657781598292416
Dasatinib,NCI-H211,1.635235,Dasatinib,GDSC2,0.6613469528976763
Dasatinib,NCI-H3122,4.212669,Dasatinib,GDSC2,0.82719766453877
Dasatinib,NCI-H647,-2.687111,Dasatinib,GDSC2,0.383216005583784
Dasatinib,NCI-H841,3.937958,Dasatinib,GDSC2,0.8095207754911216
Dasatinib,NCI-H847,2.496209,Dasatinib,GDSC2,0.7167482359584565
Dasatinib,OSC-20,0.398095,Dasatinib,GDSC2,0.5817404336232108
Dasatinib,OV-90,3.151975,Dasatinib,GDSC2,0.7589449547764877
Dasatinib,OVISE,-1.036031,Dasatinib,GDSC2,0.48945841294567066
Dasatinib,OVKATE,2.365945,Dasatinib,GDSC2,0.7083661097425319
Dasatinib,OVMIU,-1.718714,Dasatinib,GDSC2,0.44552966001726324
Dasatinib,PA-TU-8988T,0.0608,Dasatinib,GDSC2,0.5600364381831792
Dasatinib,PC-3_[JPC-3],-0.712942,Dasatinib,GDSC2,0.5102482917838521
Dasatinib,PCI-15A,-0.13395,Dasatinib,GDSC2,0.5475048171631635
Dasatinib,PCI-6A,-2.30592,Dasatinib,GDSC2,0.40774458657603446
Dasatinib,PE-CA-PJ15,-1.577454,Dasatinib,GDSC2,0.4546193482600741
Dasatinib,RERF-GC-1B,-4.138921,Dasatinib,GDSC2,0.2897960686745727
Dasatinib,RH-41,2.142082,Dasatinib,GDSC2,0.6939611481178656
Dasatinib,SISO,4.573248,Dasatinib,GDSC2,0.8503999206403168
Dasatinib,SKN,-1.569592,Dasatinib,GDSC2,0.455125246100687
Dasatinib,SNU-398,3.444909,Dasatinib,GDSC2,0.7777944432071797
Dasatinib,SU8686,0.559859,Dasatinib,GDSC2,0.5921494972570069
Dasatinib,SUIT-2,4.304961,Dasatinib,GDSC2,0.8331363981314749
Dasatinib,SW156,-0.793172,Dasatinib,GDSC2,0.505085714354143
Dasatinib,TC-71,3.341377,Dasatinib,GDSC2,0.7711324468660025
Dasatinib,TOV-21G,-2.112654,Dasatinib,GDSC2,0.4201807163221415
Dasatinib,TT2609-C02,5.65853,Dasatinib,GDSC2,0.9202347998384919
Dasatinib,VMRC-RCW,0.167378,Dasatinib,GDSC2,0.5668944361553034
Dasatinib,WM278,3.336015,Dasatinib,GDSC2,0.770787417074427
Dasatinib,SUP-B15,-4.013793,Dasatinib,GDSC2,0.2978477075705548
Dasatinib,H3255,-0.818237,Dasatinib,GDSC2,0.5034728512944937
Dasatinib,451Lu,4.094552,Dasatinib,GDSC2,0.8195971639995084
Dasatinib,OCI-AML3,2.221003,Dasatinib,GDSC2,0.6990394950370987
Dasatinib,ASH-3,0.367703,Dasatinib,GDSC2,0.5797847929246727
Dasatinib,BICR10,-1.243128,Dasatinib,GDSC2,0.4761322968050689
Dasatinib,BICR31,1.115066,Dasatinib,GDSC2,0.6278755240177764
Dasatinib,CAL-29,-0.679915,Dasatinib,GDSC2,0.5123734874060757
Dasatinib,CAL-78,0.965689,Dasatinib,GDSC2,0.6182635293933507
Dasatinib,CHSA0011,-1.520785,Dasatinib,GDSC2,0.4582658408484349
Dasatinib,CHSA0108,0.614076,Dasatinib,GDSC2,0.5956382104628719
Dasatinib,CL-11,2.777156,Dasatinib,GDSC2,0.7348263942676238
Dasatinib,CS1,2.545352,Dasatinib,GDSC2,0.7199104513719949
Dasatinib,DAN-G,0.683319,Dasatinib,GDSC2,0.6000938049906713
Dasatinib,EFM-192A,3.996727,Dasatinib,GDSC2,0.8133023972406739
Dasatinib,FU97,2.073518,Dasatinib,GDSC2,0.6895492453521848
Dasatinib,G-292-Clone-A141B1,0.515687,Dasatinib,GDSC2,0.5893071518721745
Dasatinib,NCI-H2369,1.160046,Dasatinib,GDSC2,0.6307698619560577
Dasatinib,NCI-H2373,3.094683,Dasatinib,GDSC2,0.7552583738703068
Dasatinib,NCI-H2461,3.154073,Dasatinib,GDSC2,0.7590799552432399
Dasatinib,NCI-H2722,4.522541,Dasatinib,GDSC2,0.8471370661753004
Dasatinib,NCI-H2795,-0.776913,Dasatinib,GDSC2,0.5061319357978628
Dasatinib,NCI-H2818,0.566856,Dasatinib,GDSC2,0.5925997347526529
Dasatinib,HCC1428,4.373692,Dasatinib,GDSC2,0.8375590468828314
Dasatinib,HCC-78,2.663311,Dasatinib,GDSC2,0.7275007850505574
Dasatinib,HDQ-P1,-2.76598,Dasatinib,GDSC2,0.37814100471997086
Dasatinib,ALL-SIL,-7.068564,Dasatinib,GDSC2,0.1012816871601096
Dasatinib,AMO-1,1.027635,Dasatinib,GDSC2,0.6222495822596198
Dasatinib,COR-L303,3.421657,Dasatinib,GDSC2,0.7762982416566924
Dasatinib,COR-L95,4.405361,Dasatinib,GDSC2,0.839596858980818
Dasatinib,DND-41,1.572561,Dasatinib,GDSC2,0.6573140552555276
Dasatinib,EJM,2.361456,Dasatinib,GDSC2,0.7080772550736804
Dasatinib,Farage,-5.339649,Dasatinib,GDSC2,0.21253256036072757
Dasatinib,HeLa,2.030711,Dasatinib,GDSC2,0.6867947339221266
Dasatinib,HPAC,2.02046,Dasatinib,GDSC2,0.6861351105738536
Dasatinib,Hs-766T,2.155785,Dasatinib,GDSC2,0.6948428980682495
Dasatinib,Hs-939-T,4.053886,Dasatinib,GDSC2,0.816980419966646
Dasatinib,Hs-940-T,-3.42051,Dasatinib,GDSC2,0.33602381906538376
Dasatinib,huH-1,3.585402,Dasatinib,GDSC2,0.7868347771325458
Dasatinib,JHH-1,1.558697,Dasatinib,GDSC2,0.6564219454027856
Dasatinib,JHU-029,-2.715867,Dasatinib,GDSC2,0.3813656369365359
Dasatinib,JIMT-1,-1.039739,Dasatinib,GDSC2,0.4892198134553383
Dasatinib,K2,4.393265,Dasatinib,GDSC2,0.8388185150123554
Dasatinib,KMH-2,-0.81006,Dasatinib,GDSC2,0.5039990185092853
Dasatinib,KMRC-1,-0.580273,Dasatinib,GDSC2,0.5187851730629507
Dasatinib,KMRC-20,-0.31119,Dasatinib,GDSC2,0.536099915958606
Dasatinib,KON,-1.899013,Dasatinib,GDSC2,0.4339279206679036
Dasatinib,KP-1N,1.459633,Dasatinib,GDSC2,0.6500474524388481
Dasatinib,KP-2,1.372752,Dasatinib,GDSC2,0.6444569016514798
Dasatinib,KP-3,1.914724,Dasatinib,GDSC2,0.679331292960645
Dasatinib,KYSE-50,-1.343564,Dasatinib,GDSC2,0.4696695194558197
Dasatinib,LC-1-sq,4.617376,Dasatinib,GDSC2,0.8532394347474861
Dasatinib,LOU-NH91,-0.327321,Dasatinib,GDSC2,0.5350619309589969
Dasatinib,NCI-H1435,2.462773,Dasatinib,GDSC2,0.7145967223234103
Dasatinib,NCI-H1568,2.398918,Dasatinib,GDSC2,0.7104878306148963
Dasatinib,NCI-H1688,3.640649,Dasatinib,GDSC2,0.7903897679746141
Dasatinib,NCI-H1781,3.508546,Dasatinib,GDSC2,0.7818893072218176
Dasatinib,NCI-H2110,1.814665,Dasatinib,GDSC2,0.6728927745131905
Dasatinib,NCI-H2135,2.971489,Dasatinib,GDSC2,0.74733118249706
Dasatinib,NCI-H2172,3.902035,Dasatinib,GDSC2,0.807209230320893
Dasatinib,NCI-H2444,2.434482,Dasatinib,GDSC2,0.7127762751332832
Dasatinib,NUGC-4,3.134027,Dasatinib,GDSC2,0.7577900508788382
Dasatinib,OCUM-1,3.801936,Dasatinib,GDSC2,0.800768137984654
Dasatinib,OE21,0.169623,Dasatinib,GDSC2,0.5670388956633391
Dasatinib,OSC-19,-0.876225,Dasatinib,GDSC2,0.49974148472346075
Dasatinib,OVTOKO,-2.854127,Dasatinib,GDSC2,0.37246899035257
Dasatinib,PANC-02-03,0.156876,Dasatinib,GDSC2,0.5662186616549071
Dasatinib,PANC-04-03,0.526652,Dasatinib,GDSC2,0.5900127191352527
Dasatinib,PA-TU-8902,1.768005,Dasatinib,GDSC2,0.669890333245956
Dasatinib,PCI-30,1.305449,Dasatinib,GDSC2,0.6401261407297334
Dasatinib,PCI-4B,0.315332,Dasatinib,GDSC2,0.5764148646862169
Dasatinib,PL4,0.253791,Dasatinib,GDSC2,0.572454872443892
Dasatinib,QGP-1,4.95231,Dasatinib,GDSC2,0.8747915064020068
Dasatinib,RERF-LC-KJ,1.631417,Dasatinib,GDSC2,0.6611012752131864
Dasatinib,RERF-LC-Sq1,1.628612,Dasatinib,GDSC2,0.6609207812621664
Dasatinib,RKN,0.540339,Dasatinib,GDSC2,0.5908934395301227
Dasatinib,SAT,-0.969427,Dasatinib,GDSC2,0.49374419516090623
Dasatinib,SCC90,3.416612,Dasatinib,GDSC2,0.7759736099337349
Dasatinib,SKN-3,0.144936,Dasatinib,GDSC2,0.5654503558527043
Dasatinib,STS-0421,-2.038137,Dasatinib,GDSC2,0.4249756780861903
Dasatinib,SW1271,0.071699,Dasatinib,GDSC2,0.5607377585297627
Dasatinib,T-T,0.800441,Dasatinib,GDSC2,0.607630280046416
Dasatinib,TMK-1,3.976425,Dasatinib,GDSC2,0.8119960199880507
Dasatinib,TOV-112D,3.434519,Dasatinib,GDSC2,0.7771258755953802
Dasatinib,VCaP,3.854082,Dasatinib,GDSC2,0.8041235880986963
Dasatinib,WM1552C,-0.041868,Dasatinib,GDSC2,0.5534300378397493
Dasatinib,WM35,3.930197,Dasatinib,GDSC2,0.8090213767196898
Dasatinib,WM793B,1.287437,Dasatinib,GDSC2,0.6389671186100285
Dasatinib,GA-10,-1.159136,Dasatinib,GDSC2,0.4815369484749696
Dasatinib,GRANTA-519,2.633936,Dasatinib,GDSC2,0.7256105854743676
Dasatinib,HCC1500,3.000148,Dasatinib,GDSC2,0.7491753094640055
Dasatinib,HCC-33,2.787152,Dasatinib,GDSC2,0.7354696090748951
Dasatinib,YMB-1-E,4.693933,Dasatinib,GDSC2,0.8581656648395494
Dasatinib,CHSA8926,-2.709836,Dasatinib,GDSC2,0.3817537150180338
Dasatinib,COR-L32,3.563518,Dasatinib,GDSC2,0.7854266025784918
Dasatinib,COR-L321,3.333849,Dasatinib,GDSC2,0.7706480409967409
Dasatinib,Hs-445,1.195266,Dasatinib,GDSC2,0.633036171030897
Dasatinib,HSC-39,1.156497,Dasatinib,GDSC2,0.6305414936736442
Dasatinib,NB4,1.414592,Dasatinib,GDSC2,0.6471491893201703
Dasatinib,JEKO-1,1.00361,Dasatinib,GDSC2,0.6207036403083701
Dasatinib,JJN-3,2.311469,Dasatinib,GDSC2,0.7048607306067868
Dasatinib,JM1,1.530507,Dasatinib,GDSC2,0.6546079972818396
Dasatinib,JSC-1,2.946829,Dasatinib,GDSC2,0.7457443800613548
Dasatinib,JURL-MK1,-8.069,Dasatinib,GDSC2,0.036906412157386236
Dasatinib,KARPAS-1106P,-2.44894,Dasatinib,GDSC2,0.39854164722670127
Dasatinib,KARPAS-231,1.337012,Dasatinib,GDSC2,0.6421571320224407
Dasatinib,KARPAS-620,2.136754,Dasatinib,GDSC2,0.693618306131757
Dasatinib,KCL-22,-7.017962,Dasatinib,GDSC2,0.1045377851670664
Dasatinib,KOPN-8,2.039611,Dasatinib,GDSC2,0.6873674241766998
Dasatinib,L-1236,2.953589,Dasatinib,GDSC2,0.746179367265952
Dasatinib,MDA-MB-330,3.138014,Dasatinib,GDSC2,0.7580466032434431
Dasatinib,ME-1,3.422208,Dasatinib,GDSC2,0.7763336969747002
Dasatinib,MOLM-13,-0.279461,Dasatinib,GDSC2,0.5381415888897695
Dasatinib,MOLM-16,1.377938,Dasatinib,GDSC2,0.644790606332403
Dasatinib,MOLP-8,0.733654,Dasatinib,GDSC2,0.6033327222899909
Dasatinib,MY-M12,-1.299642,Dasatinib,GDSC2,0.47249577803574844
Dasatinib,NCI-H1341,3.461493,Dasatinib,GDSC2,0.7788615774972742
Dasatinib,NCI-H1876,3.537387,Dasatinib,GDSC2,0.783745145382733
Dasatinib,NCI-H2066,1.800367,Dasatinib,GDSC2,0.6719727379671356
Dasatinib,NCI-H660,3.752273,Dasatinib,GDSC2,0.7975724620169157
Dasatinib,NK-92MI,0.000283,Dasatinib,GDSC2,0.5561423374937399
Dasatinib,NU-DUL-1,-2.994178,Dasatinib,GDSC2,0.36345709789827363
Dasatinib,OCI-AML5,1.632538,Dasatinib,GDSC2,0.6611734084463747
Dasatinib,OCI-LY-19,0.770527,Dasatinib,GDSC2,0.6057053973188538
Dasatinib,OCI-M1,1.409445,Dasatinib,GDSC2,0.646817994180812
Dasatinib,P32-ISH,0.208494,Dasatinib,GDSC2,0.5695401364369926
Dasatinib,PL-21,1.822576,Dasatinib,GDSC2,0.6734018253675645
Dasatinib,PWR-1E,-0.112208,Dasatinib,GDSC2,0.5489038544120322
Dasatinib,RCH-ACV,-3.487543,Dasatinib,GDSC2,0.33171043189293337
Dasatinib,RC-K8,3.798023,Dasatinib,GDSC2,0.8005163473143007
Dasatinib,ROS-50,1.884197,Dasatinib,GDSC2,0.6773669653874588
Dasatinib,SLVL,0.430857,Dasatinib,GDSC2,0.5838485772322365
Dasatinib,SU-DHL-10,-0.130869,Dasatinib,GDSC2,0.5477030709467972
Dasatinib,SU-DHL-16,-5.168639,Dasatinib,GDSC2,0.22353657838708377
Dasatinib,SU-DHL-4,-2.520245,Dasatinib,GDSC2,0.3939533687320558
Dasatinib,SU-DHL-5,-3.779151,Dasatinib,GDSC2,0.3129462678754508
Dasatinib,SU-DHL-6,-3.951237,Dasatinib,GDSC2,0.30187301224078894
Dasatinib,SU-DHL-8,2.80994,Dasatinib,GDSC2,0.736935953515481
Dasatinib,SUP-HD1,4.078675,Dasatinib,GDSC2,0.8185755231936814
Dasatinib,SUP-M2,1.843427,Dasatinib,GDSC2,0.6747435292437564
Dasatinib,TK,2.475104,Dasatinib,GDSC2,0.7153901878884825
Dasatinib,VAL,-1.596455,Dasatinib,GDSC2,0.45339668674017003
Dasatinib,WIL2-NS,-1.003598,Dasatinib,GDSC2,0.491545386319443
Dasatinib,WSU-DLCL2,-1.462247,Dasatinib,GDSC2,0.4620325983902561
Dasatinib,NCI-H740,2.903404,Dasatinib,GDSC2,0.7429501020495747
Dasatinib,DOV13,-3.152228,Dasatinib,GDSC2,0.35328701983812744
Dasatinib,Hey,-0.919272,Dasatinib,GDSC2,0.49697152996069505
Dasatinib,JHOS-2,0.307688,Dasatinib,GDSC2,0.5759229945394801
Dasatinib,JHOS-3,-2.231671,Dasatinib,GDSC2,0.41252230328522643
Dasatinib,JHOS-4,-2.617417,Dasatinib,GDSC2,0.38770062070762984
Dasatinib,OV-7,-3.540457,Dasatinib,GDSC2,0.3283055631142268
Dasatinib,OV-17R,1.085991,Dasatinib,GDSC2,0.6260046286074711
Dasatinib,OV-56,1.525725,Dasatinib,GDSC2,0.6543002888776408
Dasatinib,OVCA420,-1.199082,Dasatinib,GDSC2,0.47896653444022996
Dasatinib,OVCA433,-2.444169,Dasatinib,GDSC2,0.3988486478114843
Dasatinib,OVK-18,4.274612,Dasatinib,GDSC2,0.83118352436338
Dasatinib,PEO1,1.958962,Dasatinib,GDSC2,0.6821778852619721
Dasatinib,UWB1.289,-0.362798,Dasatinib,GDSC2,0.5327790846487166
Dasatinib,FLO-1,-2.125705,Dasatinib,GDSC2,0.4193409207589465
Dasatinib,OACp4C,-0.828268,Dasatinib,GDSC2,0.5028273843345359
Dasatinib,OACM5-1,1.097365,Dasatinib,GDSC2,0.6267365138833717
Dasatinib,SK-GT-2,0.079883,Dasatinib,GDSC2,0.5612643761750916
Dasatinib,SK-GT-4,0.047323,Dasatinib,GDSC2,0.5591692307044281
Dasatinib,ESO26,3.271884,Dasatinib,GDSC2,0.7666607655332993
Dasatinib,ESO51,3.414855,Dasatinib,GDSC2,0.7758605518688714
Dasatinib,KYAE-1,3.874083,Dasatinib,GDSC2,0.8054105968382154
Dasatinib,EMC-BAC-1,-1.663124,Dasatinib,GDSC2,0.44910672195565954
Dasatinib,EMC-BAC-2,-0.0391,Dasatinib,GDSC2,0.5536081509436436
Dasatinib,TE-4,2.065962,Dasatinib,GDSC2,0.689063037760774
Dasatinib,U-CH2,1.663107,Dasatinib,GDSC2,0.6631404386027848
Dasatinib,NCC010,-1.078115,Dasatinib,GDSC2,0.4867504245553942
Dasatinib,NCC021,-2.152478,Dasatinib,GDSC2,0.41761815264819485
Dasatinib,RCC-FG2,-2.361779,Dasatinib,GDSC2,0.40415021523556177
Dasatinib,RCC-JF,-3.524843,Dasatinib,GDSC2,0.3293102806012949
Dasatinib,RCC-JW,-1.79876,Dasatinib,GDSC2,0.4403789224759633
Dasatinib,RCC-ER,-1.895611,Dasatinib,GDSC2,0.43414682990903375
Dasatinib,RCC-AB,-1.271308,Dasatinib,GDSC2,0.47431899215631906
Dasatinib,RCC-MF,-0.048168,Dasatinib,GDSC2,0.5530246503561749
Dasatinib,KMS-11,1.012662,Dasatinib,GDSC2,0.6212861113403249
Dasatinib,MM1S,2.616314,Dasatinib,GDSC2,0.7244766587703126
Dasatinib,OCI-LY7,1.475027,Dasatinib,GDSC2,0.651038013537601
Dasatinib,SNU-175,2.630955,Dasatinib,GDSC2,0.7254187664126954
Dasatinib,SNU-283,3.91122,Dasatinib,GDSC2,0.8078002595330566
Dasatinib,SNU-407,1.706481,Dasatinib,GDSC2,0.6659314349063645
Dasatinib,SNU-61,2.560922,Dasatinib,GDSC2,0.7209123375814
Dasatinib,SNU-81,3.060304,Dasatinib,GDSC2,0.7530461808071637
Dasatinib,SNU-C5,1.746708,Dasatinib,GDSC2,0.668519930509816
Dasatinib,DiFi,3.572122,Dasatinib,GDSC2,0.785980246056059
Imatinib,ES5,3.141318,Imatinib,GDSC1,0.7884191407211057
Imatinib,ES7,2.34329,Imatinib,GDSC1,0.6948112668785188
Imatinib,EW-11,2.906821,Imatinib,GDSC1,0.7609128807998184
Imatinib,SK-ES-1,3.57375,Imatinib,GDSC1,0.839142975099721
Imatinib,COLO-829,2.917135,Imatinib,GDSC1,0.7621227025238837
Imatinib,8-MG-BA,2.840427,Imatinib,GDSC1,0.7531249320362352
Imatinib,GB-1,3.39324,Imatinib,GDSC1,0.8179693354438126
Imatinib,U-87-MG,2.954703,Imatinib,GDSC1,0.7665293907660486
Imatinib,NCI-H720,2.913693,Imatinib,GDSC1,0.7617189594199248
Imatinib,NCI-H1648,3.357613,Imatinib,GDSC1,0.8137903245301731
Imatinib,NCI-H1770,1.335296,Imatinib,GDSC1,0.5765745944984962
Imatinib,NCI-H1838,3.995777,Imatinib,GDSC1,0.8886463135466997
Imatinib,DMS-114,3.571873,Imatinib,GDSC1,0.8389228049061908
Imatinib,NCI-H1092,3.272877,Imatinib,GDSC1,0.8038508777965679
Imatinib,NCI-H1694,2.377403,Imatinib,GDSC1,0.6988126871299288
Imatinib,NCI-H187,3.495474,Imatinib,GDSC1,0.8299612798046909
Imatinib,NCI-H1963,2.879507,Imatinib,GDSC1,0.757708976342661
Imatinib,NCI-H209,3.483686,Imatinib,GDSC1,0.828578559377768
Imatinib,NCI-H2141,3.233088,Imatinib,GDSC1,0.7991836685102739
Imatinib,NCI-H2171,1.905302,Imatinib,GDSC1,0.6434357193431354
Imatinib,NCI-H345,3.926195,Imatinib,GDSC1,0.8804844156211696
Imatinib,NCI-H446,3.219693,Imatinib,GDSC1,0.7976124486155817
Imatinib,NCI-H526,3.377001,Imatinib,GDSC1,0.8160645172377724
Imatinib,NCI-H64,2.117942,Imatinib,GDSC1,0.6683781753645879
Imatinib,NCI-H69,2.271903,Imatinib,GDSC1,0.686437644286328
Imatinib,NCI-H82,3.165472,Imatinib,GDSC1,0.7912523803878767
Imatinib,SK-N-DZ,3.505412,Imatinib,GDSC1,0.8311269971106596
Imatinib,SK-N-FI,3.089858,Imatinib,GDSC1,0.7823829349890519
Imatinib,VA-ES-BJ,2.948814,Imatinib,GDSC1,0.7658386170475087
Imatinib,LU-139,3.635205,Imatinib,GDSC1,0.8463515841798489
Imatinib,SBC-1,3.087184,Imatinib,GDSC1,0.782069277505035
Imatinib,NCI-H1299,3.658766,Imatinib,GDSC1,0.84911526554893
Imatinib,Calu-6,2.325752,Imatinib,GDSC1,0.6927540772918735
Imatinib,LU-65,3.72286,Imatinib,GDSC1,0.8566334266486243
Imatinib,NCI-H1355,3.826534,Imatinib,GDSC1,0.868794281546894
Imatinib,SHP-77,1.952202,Imatinib,GDSC1,0.6489370417067835
Imatinib,TE-5,3.314682,Imatinib,GDSC1,0.8087545618352099
Imatinib,HCC1187,2.665474,Imatinib,GDSC1,0.7326031228360793
Imatinib,HCC1599,2.632665,Imatinib,GDSC1,0.7287546604601959
Imatinib,HCC2157,3.400995,Imatinib,GDSC1,0.8188789890670554
Imatinib,HCC2218,3.153814,Imatinib,GDSC1,0.7898849088289128
Imatinib,BB30-HNC,3.091095,Imatinib,GDSC1,0.7825280338326305
Imatinib,BB49-HNC,1.876158,Imatinib,GDSC1,0.6400171577447097
Imatinib,BB65-RCC,3.426666,Imatinib,GDSC1,0.8218901712930088
Imatinib,CP66-MEL,3.487877,Imatinib,GDSC1,0.8290701594209674
Imatinib,CPC-N,3.791795,Imatinib,GDSC1,0.8647194321313125
Imatinib,CTV-1,2.165819,Imatinib,GDSC1,0.6739940988358966
Imatinib,DMS-79,2.666211,Imatinib,GDSC1,0.732689572187508
Imatinib,DSH1,2.947295,Imatinib,GDSC1,0.7656604398903577
Imatinib,EC-GI-10,3.074333,Imatinib,GDSC1,0.7805618682578017
Imatinib,HA7-RCC,3.473756,Imatinib,GDSC1,0.8274137804636735
Imatinib,HCE-4,2.629159,Imatinib,GDSC1,0.7283434102212417
Imatinib,IM-9,2.51953,Imatinib,GDSC1,0.7154840398714684
Imatinib,IST-SL1,3.006871,Imatinib,GDSC1,0.7726486441789866
Imatinib,IST-SL2,2.508929,Imatinib,GDSC1,0.714240553338909
Imatinib,LB1047-RCC,1.982426,Imatinib,GDSC1,0.6524822862082524
Imatinib,LB2241-RCC,0.867792,Imatinib,GDSC1,0.5217368501425278
Imatinib,LB2518-MEL,2.000543,Imatinib,GDSC1,0.6546073919068071
Imatinib,LB373-MEL-D,3.207607,Imatinib,GDSC1,0.7961947730913375
Imatinib,LB647-SCLC,2.991788,Imatinib,GDSC1,0.7708794235987968
Imatinib,LB771-HNC,3.556798,Imatinib,GDSC1,0.8371545227178754
Imatinib,LB831-BLC,3.105042,Imatinib,GDSC1,0.784164002766656
Imatinib,LB996-RCC,3.45061,Imatinib,GDSC1,0.8246987781730768
Imatinib,LU-134-A,3.043867,Imatinib,GDSC1,0.7769882374021321
Imatinib,LU-165,4.059,Imatinib,GDSC1,0.896062307231069
Imatinib,LXF-289,2.737582,Imatinib,GDSC1,0.7410613179959499
Imatinib,MS-1,2.923959,Imatinib,GDSC1,0.7629231507927438
Imatinib,MZ1-PC,3.098917,Imatinib,GDSC1,0.7834455464878213
Imatinib,MZ7-mel,2.888595,Imatinib,GDSC1,0.7587749895119752
Imatinib,NCI-H128,3.030384,Imatinib,GDSC1,0.7754066951968215
Imatinib,NCI-H1304,3.551905,Imatinib,GDSC1,0.8365805787876978
Imatinib,NCI-H510A,2.017545,Imatinib,GDSC1,0.6566017092378676
Imatinib,SK-MM-2,2.419572,Imatinib,GDSC1,0.7037590679988557
Imatinib,TE-15,2.989222,Imatinib,GDSC1,0.7705784344050841
Imatinib,U-266,3.056779,Imatinib,GDSC1,0.7785028018874077
Imatinib,BE2-M17,3.127655,Imatinib,GDSC1,0.7868164846986213
Imatinib,KELLY,2.864571,Imatinib,GDSC1,0.7559569987131632
Imatinib,SIMA,2.980065,Imatinib,GDSC1,0.7695043276058534
Imatinib,TE-1,2.794983,Imatinib,GDSC1,0.7477943969937273
Imatinib,TE-10,3.125237,Imatinib,GDSC1,0.786532855754585
Imatinib,TE-8,3.456482,Imatinib,GDSC1,0.8253875578088835
Imatinib,HL-60,3.314299,Imatinib,GDSC1,0.8087096363242231
Imatinib,K-562,-0.921765,Imatinib,GDSC1,0.31182363169641
Imatinib,NCI-H226,2.914848,Imatinib,GDSC1,0.7618544397467908
Imatinib,NCI-H23,3.143081,Imatinib,GDSC1,0.7886259388304259
Imatinib,A498,1.240906,Imatinib,GDSC1,0.5655027433704635
Imatinib,CCRF-CEM,2.921101,Imatinib,GDSC1,0.7625879102956157
Imatinib,SK-MEL-2,3.401039,Imatinib,GDSC1,0.8188841502223646
Imatinib,MOLT-4,2.737201,Imatinib,GDSC1,0.7410166270829318
Imatinib,RPMI-8226,2.78508,Imatinib,GDSC1,0.7466327851522091
Imatinib,SR,2.739251,Imatinib,GDSC1,0.7412570900007458
Imatinib,NCI-H322M,3.907771,Imatinib,GDSC1,0.8783232991344351
Imatinib,EKVX,4.842578,Imatinib,GDSC1,0.9879752107505277
Imatinib,HOP-62,3.216546,Imatinib,GDSC1,0.7972433087119911
Imatinib,LOXIMVI,2.689938,Imatinib,GDSC1,0.735472725187983
Imatinib,UACC-257,3.294758,Imatinib,GDSC1,0.8064174968720259
Imatinib,RXF393,3.941958,Imatinib,GDSC1,0.8823333995106832
Imatinib,TK10,3.605824,Imatinib,GDSC1,0.8429052227221442
Imatinib,SNB75,3.798198,Imatinib,GDSC1,0.8654704975277825
Imatinib,SF539,2.460953,Imatinib,GDSC1,0.7086130172681546
Imatinib,SF268,3.29704,Imatinib,GDSC1,0.8066851731541976
Imatinib,KM12,3.494951,Imatinib,GDSC1,0.8298999324359022
Imatinib,OVCAR-4,3.78677,Imatinib,GDSC1,0.8641300047352074
Imatinib,Becker,2.944097,Imatinib,GDSC1,0.7652853177385679
Imatinib,BE-13,-0.277381,Imatinib,GDSC1,0.3874092203952797
Imatinib,ARH-77,3.069914,Imatinib,GDSC1,0.780043524046182
Imatinib,A253,3.322964,Imatinib,GDSC1,0.8097260320231786
Imatinib,697,2.410167,Imatinib,GDSC1,0.7026558710515186
Imatinib,CRO-AP2,2.792132,Imatinib,GDSC1,0.7474599775894893
Imatinib,COR-L88,2.695056,Imatinib,GDSC1,0.736073061389628
Imatinib,COLO-824,2.696289,Imatinib,GDSC1,0.7362176910372693
Imatinib,COLO-800,2.600458,Imatinib,GDSC1,0.7249768120728609
Imatinib,Daudi,2.895356,Imatinib,GDSC1,0.7595680479448242
Imatinib,DB,3.440697,Imatinib,GDSC1,0.8235359933417153
Imatinib,D-283MED,2.842586,Imatinib,GDSC1,0.753378180543338
Imatinib,DEL,2.464135,Imatinib,GDSC1,0.7089862626361958
Imatinib,DG-75,3.339269,Imatinib,GDSC1,0.8116385919621824
Imatinib,DJM-1,3.211866,Imatinib,GDSC1,0.7966943494654692
Imatinib,DOHH-2,2.42248,Imatinib,GDSC1,0.7041001734451987
Imatinib,DU-4475,2.517235,Imatinib,GDSC1,0.7152148387025009
Imatinib,EB2,1.953464,Imatinib,GDSC1,0.6490850730249694
Imatinib,EB-3,3.396172,Imatinib,GDSC1,0.8183132560657786
Imatinib,EHEB,3.729102,Imatinib,GDSC1,0.8573656069086221
Imatinib,EM-2,-2.286054,Imatinib,GDSC1,0.15179391770538564
Imatinib,EoL-1-cell,2.103777,Imatinib,GDSC1,0.666716635251985
Imatinib,ETK-1,2.899603,Imatinib,GDSC1,0.7600662167311445
Imatinib,EVSA-T,2.958479,Imatinib,GDSC1,0.7669723117307636
Imatinib,GCIY,3.419234,Imatinib,GDSC1,0.8210184052416946
Imatinib,GDM-1,0.070109,Imatinib,GDSC1,0.4281694444495241
Imatinib,GI-1,2.898366,Imatinib,GDSC1,0.759921117887566
Imatinib,GI-ME-N,3.106892,Imatinib,GDSC1,0.7843810058876101
Imatinib,GOTO,2.895367,Imatinib,GDSC1,0.7595693382336516
Imatinib,GR-ST,2.859077,Imatinib,GDSC1,0.7553125580934216
Imatinib,H9,2.906417,Imatinib,GDSC1,0.7608654920101614
Imatinib,HC-1,3.049058,Imatinib,GDSC1,0.777597136429631
Imatinib,HEL,2.612754,Imatinib,GDSC1,0.726419120383808
Imatinib,HH,2.698341,Imatinib,GDSC1,0.736458388553052
Imatinib,HT,3.116836,Imatinib,GDSC1,0.7855474269874847
Imatinib,HT-144,2.368953,Imatinib,GDSC1,0.6978215107125977
Imatinib,HuTu-80,2.532642,Imatinib,GDSC1,0.7170220641536038
Imatinib,IMR-5,1.276285,Imatinib,GDSC1,0.5696526641359966
Imatinib,IST-MEL1,2.922442,Imatinib,GDSC1,0.7627452082335614
Imatinib,IST-MES1,3.401711,Imatinib,GDSC1,0.8189629751398139
Imatinib,JAR,3.103727,Imatinib,GDSC1,0.7840097546023022
Imatinib,JiyoyeP-2003,2.810839,Imatinib,GDSC1,0.7496542896887808
Imatinib,JVM-2,4.025753,Imatinib,GDSC1,0.8921624679000624
Imatinib,JVM-3,2.738265,Imatinib,GDSC1,0.7411414332022265
Imatinib,KALS-1,2.867822,Imatinib,GDSC1,0.7563383377111209
Imatinib,KARPAS-45,2.195051,Imatinib,GDSC1,0.6774229827449404
Imatinib,KARPAS-299,2.889159,Imatinib,GDSC1,0.75884114613912
Imatinib,KARPAS-422,3.570652,Imatinib,GDSC1,0.8387795828463611
Imatinib,KASUMI-1,3.155354,Imatinib,GDSC1,0.790065549264734
Imatinib,KE-37,2.218454,Imatinib,GDSC1,0.6801681308745023
Imatinib,KG-1,2.982447,Imatinib,GDSC1,0.7697837337864548
Imatinib,KINGS-1,2.932827,Imatinib,GDSC1,0.7639633581855121
Imatinib,KMOE-2,2.812414,Imatinib,GDSC1,0.7498390355890525
Imatinib,KMS-12-BM,2.341872,Imatinib,GDSC1,0.694644936918782
Imatinib,KNS-42,3.162689,Imatinib,GDSC1,0.7909259373145711
Imatinib,H-EMC-SS,3.390943,Imatinib,GDSC1,0.8176998996768765
Imatinib,KY821,3.01921,Imatinib,GDSC1,0.7740959963462586
Imatinib,KU812,2.578077,Imatinib,GDSC1,0.722351543505253
Imatinib,KS-1,3.63134,Imatinib,GDSC1,0.845898223605531
Imatinib,KP-N-YN,3.738247,Imatinib,GDSC1,0.8584383061200412
Imatinib,L-428,3.060997,Imatinib,GDSC1,0.7789975690031831
Imatinib,L-540,2.250613,Imatinib,GDSC1,0.6839403489105911
Imatinib,LAMA-84,-2.61338,Imatinib,GDSC1,0.11339891037055701
Imatinib,LC-2-ad,2.399868,Imatinib,GDSC1,0.7014478088122177
Imatinib,LC4-1,1.297066,Imatinib,GDSC1,0.5720902543287252
Imatinib,LNCaP-Clone-FGC,2.029619,Imatinib,GDSC1,0.6580179771743002
Imatinib,LOUCY,2.027908,Imatinib,GDSC1,0.6578172786121637
Imatinib,LP-1,2.738489,Imatinib,GDSC1,0.7411677081747096
Imatinib,LS-123,4.169949,Imatinib,GDSC1,0.9090765122401179
Imatinib,LS-411N,3.50902,Imatinib,GDSC1,0.8315502118460124
Imatinib,LS-513,2.986859,Imatinib,GDSC1,0.7703012569051844
Imatinib,MC116,1.635269,Imatinib,GDSC1,0.6117611227157799
Imatinib,MEG-01,-2.048695,Imatinib,GDSC1,0.17963588731973829
Imatinib,MHH-NB-11,3.182281,Imatinib,GDSC1,0.7932240590149675
Imatinib,MHH-PREB-1,2.705585,Imatinib,GDSC1,0.7373081023953179
Imatinib,ML-2,2.870237,Imatinib,GDSC1,0.7566216147582043
Imatinib,MLMA,2.817713,Imatinib,GDSC1,0.7504606029068557
Imatinib,MN-60,2.932341,Imatinib,GDSC1,0.7639063508791425
Imatinib,MOLT-13,2.86876,Imatinib,GDSC1,0.7564483641583939
Imatinib,MOLT-16,1.993058,Imatinib,GDSC1,0.6537294090093251
Imatinib,MONO-MAC-6,3.302774,Imatinib,GDSC1,0.807357765530171
Imatinib,Mo-T,3.639244,Imatinib,GDSC1,0.8468253547774346
Imatinib,MPP-89,1.929312,Imatinib,GDSC1,0.6462520679561671
Imatinib,MRK-nu-1,2.81621,Imatinib,GDSC1,0.7502843025334535
Imatinib,MSTO-211H,3.039559,Imatinib,GDSC1,0.7764829133777698
Imatinib,MV-4-11,2.598525,Imatinib,GDSC1,0.7247500731362099
Imatinib,NALM-6,2.560927,Imatinib,GDSC1,0.720339865924516
Imatinib,NAMALWA,2.508749,Imatinib,GDSC1,0.7142194395217351
Imatinib,NB69,2.807303,Imatinib,GDSC1,0.7492395204802976
Imatinib,NCCIT,2.480412,Imatinib,GDSC1,0.7108955382036393
Imatinib,SNU-1,2.05801,Imatinib,GDSC1,0.6613482126375483
Imatinib,SNU-5,3.74711,Imatinib,GDSC1,0.859477927017888
Imatinib,SNU-16,3.286095,Imatinib,GDSC1,0.8054013357710391
Imatinib,NH-12,3.430814,Imatinib,GDSC1,0.8223767274798831
Imatinib,NKM-1,2.271989,Imatinib,GDSC1,0.6864477319989779
Imatinib,NMC-G1,3.454615,Imatinib,GDSC1,0.8251685606051963
Imatinib,no-11,3.353626,Imatinib,GDSC1,0.8133226534797708
Imatinib,NOMO-1,3.26044,Imatinib,GDSC1,0.8023920303288348
Imatinib,no-10,3.437208,Imatinib,GDSC1,0.8231267371854943
Imatinib,NTERA-2-cl-D1,1.807143,Imatinib,GDSC1,0.6319217683432775
Imatinib,NCI-H747,3.735708,Imatinib,GDSC1,0.8581404839989047
Imatinib,NCI-H716,3.31459,Imatinib,GDSC1,0.8087437703286544
Imatinib,NCI-H1155,2.933043,Imatinib,GDSC1,0.7639886947661207
Imatinib,NCI-H1436,0.230594,Imatinib,GDSC1,0.4469941719448345
Imatinib,NCI-H1581,2.343052,Imatinib,GDSC1,0.6947833497202555
Imatinib,NCI-H1666,3.441119,Imatinib,GDSC1,0.8235854935130899
Imatinib,NCI-H2081,3.188403,Imatinib,GDSC1,0.7939421633968493
Imatinib,NCI-H2196,2.600932,Imatinib,GDSC1,0.7250324117914189
Imatinib,NCI-H524,1.747608,Imatinib,GDSC1,0.624938373313005
Imatinib,NCI-H748,3.763465,Imatinib,GDSC1,0.8613963519061067
Imatinib,ONS-76,3.289888,Imatinib,GDSC1,0.8058462508184873
Imatinib,OPM-2,2.678576,Imatinib,GDSC1,0.7341399741283717
Imatinib,OS-RC-2,3.917319,Imatinib,GDSC1,0.8794432698365271
Imatinib,P30-OHK,2.449433,Imatinib,GDSC1,0.7072617329690241
Imatinib,P31-FUJ,2.701207,Imatinib,GDSC1,0.7367945674420544
Imatinib,OCUB-M,2.70168,Imatinib,GDSC1,0.7368500498616282
Imatinib,PF-382,2.954429,Imatinib,GDSC1,0.7664972508443506
Imatinib,Raji,3.12304,Imatinib,GDSC1,0.7862751498860789
Imatinib,REH,2.070285,Imatinib,GDSC1,0.662788057669825
Imatinib,RF-48,3.411416,Imatinib,GDSC1,0.8201013617824409
Imatinib,RKO,2.947053,Imatinib,GDSC1,0.7656320535361572
Imatinib,RPMI-6666,3.622665,Imatinib,GDSC1,0.8448806549167327
Imatinib,RPMI-8402,2.541831,Imatinib,GDSC1,0.7180999245203321
Imatinib,RS4-11,1.66889,Imatinib,GDSC1,0.6157048318669143
Imatinib,SF126,2.888774,Imatinib,GDSC1,0.7587959860301647
Imatinib,SH-4,3.529043,Imatinib,GDSC1,0.8338988894086419
Imatinib,SIG-M5,2.010601,Imatinib,GDSC1,0.6557871850908917
Imatinib,SJSA-1,3.460478,Imatinib,GDSC1,0.8258562845501445
Imatinib,SK-LMS-1,2.947284,Imatinib,GDSC1,0.7656591496015304
Imatinib,SKM-1,3.323976,Imatinib,GDSC1,0.8098447385952897
Imatinib,SK-MEL-1,3.104394,Imatinib,GDSC1,0.7840879930248299
Imatinib,SK-PN-DW,2.142286,Imatinib,GDSC1,0.6712337018383756
Imatinib,SK-UT-1,3.054701,Imatinib,GDSC1,0.7782590545980332
Imatinib,SNU-C2B,3.790448,Imatinib,GDSC1,0.8645614303994611
Imatinib,SU-DHL-1,2.021318,Imatinib,GDSC1,0.6570442783056298
Imatinib,SUP-T1,0.957255,Imatinib,GDSC1,0.5322307691749167
Imatinib,SW684,2.46456,Imatinib,GDSC1,0.7090361147045231
Imatinib,SW872,2.254876,Imatinib,GDSC1,0.68444039448066
Imatinib,SW962,3.143455,Imatinib,GDSC1,0.7886698086505539
Imatinib,SW982,3.109549,Imatinib,GDSC1,0.7846926692888939
Imatinib,TGBC1TKB,3.324829,Imatinib,GDSC1,0.8099447946288972
Imatinib,THP-1,2.622445,Imatinib,GDSC1,0.7275558648406547
Imatinib,TUR,2.94388,Imatinib,GDSC1,0.7652598638589747
Imatinib,U-698-M,2.189021,Imatinib,GDSC1,0.6767156698696143
Imatinib,WSU-NHL,2.57078,Imatinib,GDSC1,0.7214956128168194
Imatinib,RCC10RGB,4.82977,Imatinib,GDSC1,0.9864728453596193
Imatinib,KURAMOCHI,3.495514,Imatinib,GDSC1,0.8299659717640628
Imatinib,KM-H2,2.81918,Imatinib,GDSC1,0.7506326805168231
Imatinib,Ramos-2G6-4C10,2.383966,Imatinib,GDSC1,0.6995825203638866
Imatinib,RPMI-8866,3.013978,Imatinib,GDSC1,0.7734822880604033
Imatinib,QIMR-WIL,3.093436,Imatinib,GDSC1,0.7828026307548757
Imatinib,PSN1,2.659964,Imatinib,GDSC1,0.7319568054325888
Imatinib,CW-2,3.942613,Imatinib,GDSC1,0.8824102303453994
Imatinib,CHP-126,2.912927,Imatinib,GDSC1,0.7616291083979513
Imatinib,CGTH-W-1,-1.46539,Imatinib,GDSC1,0.24805697135657687
Imatinib,COLO-320-HSR,2.912994,Imatinib,GDSC1,0.7616369674298994
Imatinib,ATN-1,2.565909,Imatinib,GDSC1,0.7209242494642963
Imatinib,CESS,2.706379,Imatinib,GDSC1,0.7374012377888516
Imatinib,COLO-684,3.077505,Imatinib,GDSC1,0.7809339406359997
Imatinib,COLO-668,3.366314,Imatinib,GDSC1,0.8148109429925634
Imatinib,TGBC24TKB,1.513819,Imatinib,GDSC1,0.5975151610726016
Imatinib,A388,3.303214,Imatinib,GDSC1,0.8074093770832629
Imatinib,C2BBe1,3.832451,Imatinib,GDSC1,0.8694883396369943
Imatinib,CA46,3.085225,Imatinib,GDSC1,0.7818394887947921
Imatinib,BALL-1,3.222479,Imatinib,GDSC1,0.79793924358584
Imatinib,BL-41,2.103935,Imatinib,GDSC1,0.6667351684915043
Imatinib,BV-173,-1.645402,Imatinib,GDSC1,0.22694174659484947
Imatinib,IA-LM,3.685559,Imatinib,GDSC1,0.8522580572352675
Imatinib,TGW,2.797151,Imatinib,GDSC1,0.7480487011916888
Imatinib,RL,2.785364,Imatinib,GDSC1,0.7466660980637502
Imatinib,SNU-C1,4.945092,Imatinib,GDSC1,0.9999999988270101
Imatinib,ST486,0.851842,Imatinib,GDSC1,0.5198659313429502
Imatinib,UACC-812,1.929768,Imatinib,GDSC1,0.6463055562930077
Imatinib,SCC-15,2.529637,Imatinib,GDSC1,0.7166695807057838
Imatinib,BC-3,2.523682,Imatinib,GDSC1,0.71597106525428
Imatinib,BC-1,1.998766,Imatinib,GDSC1,0.6543989516117068
Imatinib,A704,2.888652,Imatinib,GDSC1,0.7587816755540803
Imatinib,A101D,3.565872,Imatinib,GDSC1,0.8382188937014093
Imatinib,SCC-3,2.388847,Imatinib,GDSC1,0.7001550567062526
Imatinib,GAK,3.05546,Imatinib,GDSC1,0.7783480845271166
Imatinib,AM-38,3.054939,Imatinib,GDSC1,0.7782869717562966
Imatinib,A4-Fuk,3.147792,Imatinib,GDSC1,0.789178534345461
Imatinib,A3-KAW,2.407061,Imatinib,GDSC1,0.7022915404062843
Imatinib,NEC8,1.874755,Imatinib,GDSC1,0.6398525872697375
Imatinib,CAS-1,3.223271,Imatinib,GDSC1,0.7980321443814054
Imatinib,ALL-PO,1.487178,Imatinib,GDSC1,0.5943901988318777
Imatinib,OCI-AML2,2.223559,Imatinib,GDSC1,0.6807669421893514
Imatinib,MFM-223,3.79418,Imatinib,GDSC1,0.864999190208867
Imatinib,LS-1034,3.542462,Imatinib,GDSC1,0.8354729244789573
Imatinib,CAL-148,2.878104,Imatinib,GDSC1,0.7575444058676888
Imatinib,HDLM-2,3.613695,Imatinib,GDSC1,0.8438284830275659
Imatinib,KGN,3.316057,Imatinib,GDSC1,0.8089158479386218
Imatinib,KLE,3.992904,Imatinib,GDSC1,0.8883093135648071
Imatinib,KNS-81-FD,4.19628,Imatinib,GDSC1,0.9121651117957087
Imatinib,KP-N-RT-BM-1,2.006873,Imatinib,GDSC1,0.6553498944774231
Imatinib,K5,2.898291,Imatinib,GDSC1,0.7599123204637434
Imatinib,L-363,2.718503,Imatinib,GDSC1,0.7388233706744991
Imatinib,NCI-H1975,3.5567,Imatinib,GDSC1,0.8371430274174141
Imatinib,SW954,3.253436,Imatinib,GDSC1,0.8015704682428008
Imatinib,TE-441-T,1.631423,Imatinib,GDSC1,0.6113099908221638
Imatinib,MMAc-SF,3.450563,Imatinib,GDSC1,0.8246932651208146
Imatinib,MFH-ino,3.441845,Imatinib,GDSC1,0.8236706525756913
Imatinib,NOS-1,0.264447,Imatinib,GDSC1,0.45096509446032657
Imatinib,RL95-2,2.339186,Imatinib,GDSC1,0.6943298718469535
Imatinib,TE-9,3.4078,Imatinib,GDSC1,0.8196772086552137
Imatinib,TE-11,2.139786,Imatinib,GDSC1,0.6709404543776268
Imatinib,TE-6,2.813692,Imatinib,GDSC1,0.7499889436909873
Imatinib,TE-12,3.722522,Imatinib,GDSC1,0.8565937795919311
Imatinib,YT,2.226174,Imatinib,GDSC1,0.6810736790332947
Imatinib,BT-474,3.632355,Imatinib,GDSC1,0.8460172820745951
Imatinib,KP-N-YS,2.426012,Imatinib,GDSC1,0.7045144734577446
Imatinib,D-247MG,2.981978,Imatinib,GDSC1,0.7697287205628183
Imatinib,D-263MG,3.558742,Imatinib,GDSC1,0.8373825519433536
Imatinib,D-336MG,2.616415,Imatinib,GDSC1,0.7268485519653285
Imatinib,D-502MG,3.97146,Imatinib,GDSC1,0.885793954145488
Imatinib,CTB-1,3.518064,Imatinib,GDSC1,0.8326110638600174
Imatinib,CP67-MEL,3.526696,Imatinib,GDSC1,0.8336235886924909
Imatinib,HAL-01,2.834765,Imatinib,GDSC1,0.7524607851871313
Imatinib,OMC-1,3.446259,Imatinib,GDSC1,0.8241884102923894
Imatinib,ES8,2.911082,Imatinib,GDSC1,0.7614126917719187
Imatinib,ES4,2.710048,Imatinib,GDSC1,0.7378316077622465
Imatinib,ES6,3.630163,Imatinib,GDSC1,0.8457601627010106
Imatinib,ES1,2.384567,Imatinib,GDSC1,0.6996530170534506
Imatinib,EW-3,3.136969,Imatinib,GDSC1,0.7879090074383871
Imatinib,EW-12,4.716138,Imatinib,GDSC1,0.973143927175695
Imatinib,EW-1,2.316199,Imatinib,GDSC1,0.6916335200948602
Imatinib,EW-18,1.719732,Imatinib,GDSC1,0.6216685468266712
Imatinib,EW-16,3.184154,Imatinib,GDSC1,0.7934437600125606
Imatinib,EW-13,2.607553,Imatinib,GDSC1,0.725809048366466
Imatinib,EW-22,1.840126,Imatinib,GDSC1,0.6357906407424291
Imatinib,EW-24,3.205802,Imatinib,GDSC1,0.7959830484246768
Imatinib,LAN-6,3.678106,Imatinib,GDSC1,0.8513838279052831
Imatinib,NB10,1.769884,Imatinib,GDSC1,0.6275513254872612
Imatinib,NB6,2.927617,Imatinib,GDSC1,0.7633522304773115
Imatinib,NB7,2.354822,Imatinib,GDSC1,0.696163958765461
Imatinib,NB17,3.199943,Imatinib,GDSC1,0.7952957936756659
Imatinib,NB5,3.139267,Imatinib,GDSC1,0.7881785605043075
Imatinib,NB13,3.058311,Imatinib,GDSC1,0.7786825039313544
Imatinib,NB14,2.663252,Imatinib,GDSC1,0.7323424844929656
Imatinib,NB1,3.336025,Imatinib,GDSC1,0.8112580740571148
Imatinib,RH-1,2.580772,Imatinib,GDSC1,0.7226676642679403
Imatinib,MZ2-MEL,3.387653,Imatinib,GDSC1,0.817313986018531
Imatinib,ES-2,2.135768,Imatinib,GDSC1,0.6704691470587113
Imatinib,KYM-1,2.634707,Imatinib,GDSC1,0.7289941849861356
Imatinib,MDST8,3.249035,Imatinib,GDSC1,0.8010542354128986
Imatinib,NB(TU)1-10,3.156186,Imatinib,GDSC1,0.7901631420196712
Imatinib,NCI-H1836,3.597465,Imatinib,GDSC1,0.8419247205123845
Imatinib,NCI-H1869,3.43089,Imatinib,GDSC1,0.82238564220269
Imatinib,NCI-H211,2.379008,Imatinib,GDSC1,0.6990009519997296
Imatinib,NCI-H847,2.582518,Imatinib,GDSC1,0.7228724682945272
Imatinib,TC-71,2.425686,Imatinib,GDSC1,0.704476233988863
Imatinib,SUP-B15,-1.361548,Imatinib,GDSC1,0.2602375324842089
Imatinib,OCI-AML3,2.701848,Imatinib,GDSC1,0.7368697560909904
Imatinib,CL-11,3.74371,Imatinib,GDSC1,0.8590791104712695
Imatinib,ALL-SIL,-3.580131,Imatinib,GDSC1,0.0
Imatinib,AMO-1,2.599401,Imatinib,GDSC1,0.7248528270464563
Imatinib,COR-L95,3.563418,Imatinib,GDSC1,0.8379310419939383
Imatinib,DND-41,2.435158,Imatinib,GDSC1,0.7055872899681482
Imatinib,EJM,2.839359,Imatinib,GDSC1,0.7529996567210033
Imatinib,Farage,2.592825,Imatinib,GDSC1,0.7240814689257026
Imatinib,NCI-H2135,3.326782,Imatinib,GDSC1,0.8101738795452342
Imatinib,VCaP,3.016048,Imatinib,GDSC1,0.7737250969579034
Imatinib,GA-10,2.208873,Imatinib,GDSC1,0.6790442893059286
Imatinib,GRANTA-519,3.109326,Imatinib,GDSC1,0.7846665116153951
Imatinib,HCC1500,2.642758,Imatinib,GDSC1,0.7299385591087311
Imatinib,HCC-33,3.041835,Imatinib,GDSC1,0.7767498858660354
Imatinib,Hs-445,2.898526,Imatinib,GDSC1,0.7599398857250538
Imatinib,HSC-39,2.402812,Imatinib,GDSC1,0.7017931370219956
Imatinib,NB4,2.438247,Imatinib,GDSC1,0.7059496265306495
Imatinib,JJN-3,2.658522,Imatinib,GDSC1,0.7317876602972289
Imatinib,JM1,2.544904,Imatinib,GDSC1,0.7184603842990847
Imatinib,JSC-1,3.088634,Imatinib,GDSC1,0.7822393610322693
Imatinib,JURL-MK1,-0.697622,Imatinib,GDSC1,0.33811537793426
Imatinib,KARPAS-231,2.08185,Imatinib,GDSC1,0.6641446204232492
Imatinib,KARPAS-620,2.730911,Imatinib,GDSC1,0.7402788164716878
Imatinib,KCL-22,-1.721682,Imatinib,GDSC1,0.21799418007248117
Imatinib,KOPN-8,2.321883,Imatinib,GDSC1,0.6923002475216187
Imatinib,L-1236,2.695651,Imatinib,GDSC1,0.7361428542852861
Imatinib,ME-1,3.494758,Imatinib,GDSC1,0.8298772937319325
Imatinib,MOLM-13,1.622686,Imatinib,GDSC1,0.6102851495963388
Imatinib,MOLP-8,2.82924,Imatinib,GDSC1,0.7518127082988764
Imatinib,MY-M12,-2.198936,Imatinib,GDSC1,0.1620127706195923
Imatinib,NCI-H1876,3.529638,Imatinib,GDSC1,0.8339686823043001
Imatinib,NK-92MI,2.755007,Imatinib,GDSC1,0.7431052527973693
Imatinib,NU-DUL-1,2.351586,Imatinib,GDSC1,0.6957843792522678
Imatinib,OCI-AML5,1.968936,Imatinib,GDSC1,0.6508999229100517
Imatinib,OCI-LY-19,2.634982,Imatinib,GDSC1,0.729026442206818
Imatinib,OCI-M1,2.278894,Imatinib,GDSC1,0.6872576814855662
Imatinib,P32-ISH,2.111233,Imatinib,GDSC1,0.6675912164789223
Imatinib,PL-21,3.59542,Imatinib,GDSC1,0.841684844089492
Imatinib,ROS-50,3.891474,Imatinib,GDSC1,0.8764116775873056
Imatinib,SLVL,3.289479,Imatinib,GDSC1,0.8057982755339087
Imatinib,SU-DHL-16,2.023958,Imatinib,GDSC1,0.6573539476241806
Imatinib,SU-DHL-4,1.85618,Imatinib,GDSC1,0.6376737586363737
Imatinib,SU-DHL-6,2.094218,Imatinib,GDSC1,0.6655953742610657
Imatinib,SU-DHL-8,2.875764,Imatinib,GDSC1,0.7572699262444278
Imatinib,SUP-HD1,2.251386,Imatinib,GDSC1,0.6840310210254545
Imatinib,SUP-M2,2.510735,Imatinib,GDSC1,0.714452395304554
Imatinib,VAL,2.623462,Imatinib,GDSC1,0.7276751579076872
Imatinib,WIL2-NS,2.513347,Imatinib,GDSC1,0.7147587802515444
Imatinib,WSU-DLCL2,2.697603,Imatinib,GDSC1,0.736371821902639
Panobinostat,PFSK-1,-3.4089,Panobinostat,GDSC1,0.3019595849869829
Panobinostat,A673,-2.29726,Panobinostat,GDSC1,0.41647535849896666
Panobinostat,ES7,-3.575138,Panobinostat,GDSC1,0.28483455066194496
Panobinostat,SK-ES-1,-3.613137,Panobinostat,GDSC1,0.28092007756122717
Panobinostat,COLO-829,-2.803616,Panobinostat,GDSC1,0.3643130136639175
Panobinostat,5637,-3.65211,Panobinostat,GDSC1,0.27690526769374985
Panobinostat,RT4,-2.614905,Panobinostat,GDSC1,0.3837531077008539
Panobinostat,SW780,-2.751505,Panobinostat,GDSC1,0.3696812367158795
Panobinostat,TCCSUP,-3.238675,Panobinostat,GDSC1,0.3194953407587052
Panobinostat,C-33-A,-3.593824,Panobinostat,GDSC1,0.28290960936454207
Panobinostat,C-4-I,-2.97679,Panobinostat,GDSC1,0.3464734661825708
Panobinostat,ME-180,-1.416074,Panobinostat,GDSC1,0.5072508761107214
Panobinostat,42-MG-BA,-3.008038,Panobinostat,GDSC1,0.34325444843338715
Panobinostat,8-MG-BA,-2.464863,Panobinostat,GDSC1,0.39920970847924
Panobinostat,A172,-2.556816,Panobinostat,GDSC1,0.38973715538494014
Panobinostat,GB-1,-3.154769,Panobinostat,GDSC1,0.32813893085288726
Panobinostat,T98G,-1.680341,Panobinostat,GDSC1,0.48002736857348677
Panobinostat,U-118-MG,-1.986619,Panobinostat,GDSC1,0.44847609110982645
Panobinostat,U-87-MG,-0.473163,Panobinostat,GDSC1,0.6043850045317553
Panobinostat,YKG-1,-2.753986,Panobinostat,GDSC1,0.36942565610157696
Panobinostat,ChaGo-K-1,-3.053971,Panobinostat,GDSC1,0.3385226530457383
Panobinostat,NCI-H720,-4.167707,Panobinostat,GDSC1,0.2237909597564155
Panobinostat,Calu-3,-2.346219,Panobinostat,GDSC1,0.41143183923430077
Panobinostat,COR-L23,-3.952244,Panobinostat,GDSC1,0.24598691537893053
Panobinostat,LK-2,-4.192842,Panobinostat,GDSC1,0.22120167368608368
Panobinostat,NCI-H1437,-2.327219,Panobinostat,GDSC1,0.4133891272922401
Panobinostat,NCI-H1623,-3.110314,Panobinostat,GDSC1,0.3327184698326606
Panobinostat,NCI-H1648,-1.417234,Panobinostat,GDSC1,0.5071313785240261
Panobinostat,NCI-H1650,-1.946801,Panobinostat,GDSC1,0.4525779487883017
Panobinostat,NCI-H1770,-3.962102,Panobinostat,GDSC1,0.24497139192234285
Panobinostat,NCI-H1838,-1.183628,Panobinostat,GDSC1,0.5311963382115513
Panobinostat,NCI-H2085,-1.846675,Panobinostat,GDSC1,0.4628924447929982
Panobinostat,NCI-H2170,-2.881812,Panobinostat,GDSC1,0.35625764013872674
Panobinostat,NCI-H2228,-2.123997,Panobinostat,GDSC1,0.43432407432963743
Panobinostat,NCI-H2342,-2.306068,Panobinostat,GDSC1,0.4155680009613704
Panobinostat,NCI-H2347,-3.891599,Panobinostat,GDSC1,0.25223426981439007
Panobinostat,NCI-H2405,-2.686967,Panobinostat,GDSC1,0.3763296291728947
Panobinostat,NCI-H661,-3.905257,Panobinostat,GDSC1,0.25082728874621446
Panobinostat,COR-L311,-4.702487,Panobinostat,GDSC1,0.1687005119866891
Panobinostat,DMS-114,-0.963559,Panobinostat,GDSC1,0.5538667816653752
Panobinostat,DMS-273,-2.806663,Panobinostat,GDSC1,0.3639991264685206
Panobinostat,NCI-H1048,-2.643133,Panobinostat,GDSC1,0.3808451957377217
Panobinostat,NCI-H1092,2.218003,Panobinostat,GDSC1,0.8816159031492498
Panobinostat,NCI-H1694,-3.348026,Panobinostat,GDSC1,0.30823052989429867
Panobinostat,NCI-H187,-4.435473,Panobinostat,GDSC1,0.1962070021710373
Panobinostat,NCI-H2029,-3.190455,Panobinostat,GDSC1,0.3244627318194334
Panobinostat,NCI-H209,-3.895363,Panobinostat,GDSC1,0.25184652074859615
Panobinostat,NCI-H2141,-2.714255,Panobinostat,GDSC1,0.37351855146105
Panobinostat,NCI-H2171,-1.82048,Panobinostat,GDSC1,0.46559092693393095
Panobinostat,NCI-H345,-3.206007,Panobinostat,GDSC1,0.32286064003642956
Panobinostat,NCI-H446,-3.40671,Panobinostat,GDSC1,0.3021851881894506
Panobinostat,NCI-H526,-4.805198,Panobinostat,GDSC1,0.15811972179095182
Panobinostat,NCI-H64,-4.18184,Panobinostat,GDSC1,0.22233504648679145
Panobinostat,NCI-H69,-3.098187,Panobinostat,GDSC1,0.33396773468943064
Panobinostat,NCI-H82,-2.817686,Panobinostat,GDSC1,0.36286359034943294
Panobinostat,NCI-H2052,-2.209348,Panobinostat,GDSC1,0.4255316273278911
Panobinostat,SK-N-DZ,-3.268388,Panobinostat,GDSC1,0.31643445128157094
Panobinostat,SK-N-FI,-3.782374,Panobinostat,GDSC1,0.2634861007685177
Panobinostat,VA-ES-BJ,-2.207612,Panobinostat,GDSC1,0.42571046164729015
Panobinostat,SBC-5,-3.437654,Panobinostat,GDSC1,0.298997487049194
Panobinostat,SBC-1,-3.468943,Panobinostat,GDSC1,0.2957742456784117
Panobinostat,SK-N-SH,-3.587549,Panobinostat,GDSC1,0.2835560294994668
Panobinostat,NCI-H2030,-2.251882,Panobinostat,GDSC1,0.4211499804722915
Panobinostat,NCI-H2122,-0.829622,Panobinostat,GDSC1,0.5676643232767553
Panobinostat,NCI-H1734,-1.605154,Panobinostat,GDSC1,0.4877727694793966
Panobinostat,NCI-H650,-3.22181,Panobinostat,GDSC1,0.32123269144802874
Panobinostat,T24,-2.773328,Panobinostat,GDSC1,0.36743313685859474
Panobinostat,SK-N-AS,-3.488262,Panobinostat,GDSC1,0.29378409578413117
Panobinostat,NCI-H1299,-1.612435,Panobinostat,GDSC1,0.487022716092562
Panobinostat,NCI-H2087,-1.893584,Panobinostat,GDSC1,0.4580601066082679
Panobinostat,UM-UC-3,-2.790599,Panobinostat,GDSC1,0.36565396201392786
Panobinostat,SW756,-2.036134,Panobinostat,GDSC1,0.4433752954156756
Panobinostat,NCI-H727,-3.001509,Panobinostat,GDSC1,0.3439270344191917
Panobinostat,Calu-6,-2.732072,Panobinostat,GDSC1,0.37168313033850764
Panobinostat,LU-65,-2.329642,Panobinostat,GDSC1,0.4131395215572723
Panobinostat,NCI-H1355,-1.897792,Panobinostat,GDSC1,0.4576266188110148
Panobinostat,NCI-H1792,-2.648949,Panobinostat,GDSC1,0.3802460595616704
Panobinostat,HPAF-II,-1.200952,Panobinostat,GDSC1,0.5294117035633544
Panobinostat,MIA-PaCa-2,-2.217141,Panobinostat,GDSC1,0.42472883017865315
Panobinostat,SHP-77,-2.229306,Panobinostat,GDSC1,0.4234756507457672
Panobinostat,NCI-H2009,-1.460125,Panobinostat,GDSC1,0.5027129552559695
Panobinostat,NCI-H2291,-2.154073,Panobinostat,GDSC1,0.4312257903490805
Panobinostat,SW1573,-2.25064,Panobinostat,GDSC1,0.4212779253021842
Panobinostat,TE-5,-0.560085,Panobinostat,GDSC1,0.5954307207121656
Panobinostat,HCC1954,-2.515502,Panobinostat,GDSC1,0.3939931237441878
Panobinostat,HCC1187,-3.895951,Panobinostat,GDSC1,0.25178594783396097
Panobinostat,HCC1395,-1.808287,Panobinostat,GDSC1,0.46684699079132325
Panobinostat,HCC1599,-5.117594,Panobinostat,GDSC1,0.12593819757263494
Panobinostat,HCC1937,-1.453057,Panobinostat,GDSC1,0.5034410664135229
Panobinostat,HCC2157,-3.446827,Panobinostat,GDSC1,0.2980525289778531
Panobinostat,HCC2218,-4.428259,Panobinostat,GDSC1,0.19695015354208859
Panobinostat,HCC38,-2.824594,Panobinostat,GDSC1,0.3621519616176306
Panobinostat,BB30-HNC,-2.341205,Panobinostat,GDSC1,0.4119483572512749
Panobinostat,BB49-HNC,-1.715376,Panobinostat,GDSC1,0.47641823240980763
Panobinostat,BB65-RCC,-1.774055,Panobinostat,GDSC1,0.4703734057807643
Panobinostat,BEN,-3.651073,Panobinostat,GDSC1,0.27701209441564895
Panobinostat,BHY,-3.383747,Panobinostat,GDSC1,0.3045507253302117
Panobinostat,Ca9-22,-4.089559,Panobinostat,GDSC1,0.23184138855388092
Panobinostat,CADO-ES1,-3.614174,Panobinostat,GDSC1,0.28081325083932807
Panobinostat,CAL-12T,-2.804912,Panobinostat,GDSC1,0.3641795060153339
Panobinostat,CAL-33,-2.488979,Panobinostat,GDSC1,0.3967253948579102
Panobinostat,CP50-MEL-B,-2.592631,Panobinostat,GDSC1,0.3860476673957245
Panobinostat,CP66-MEL,-3.01399,Panobinostat,GDSC1,0.3426413021954474
Panobinostat,CPC-N,-3.550887,Panobinostat,GDSC1,0.2873327713300022
Panobinostat,CTV-1,-3.849443,Panobinostat,GDSC1,0.25657697693915277
Panobinostat,D-542MG,-2.298492,Panobinostat,GDSC1,0.4163484438206834
Panobinostat,DSH1,-4.024234,Panobinostat,GDSC1,0.23857085394255928
Panobinostat,EBC-1,-3.693398,Panobinostat,GDSC1,0.27265197772868666
Panobinostat,EC-GI-10,-2.360714,Panobinostat,GDSC1,0.40993863447641493
Panobinostat,EPLC-272H,-3.532703,Panobinostat,GDSC1,0.28920599901661104
Panobinostat,HA7-RCC,-2.458146,Panobinostat,GDSC1,0.39990166131530197
Panobinostat,HCE-4,-2.706678,Panobinostat,GDSC1,0.374299097335524
Panobinostat,HO-1-u-1,-2.826637,Panobinostat,GDSC1,0.36194150164382166
Panobinostat,HSC-2,-1.760547,Panobinostat,GDSC1,0.47176493457479823
Panobinostat,IM-9,-4.011995,Panobinostat,GDSC1,0.23983165649735508
Panobinostat,IST-SL1,-3.419778,Panobinostat,GDSC1,0.3008389860662321
Panobinostat,IST-SL2,-4.033833,Panobinostat,GDSC1,0.23758201141265617
Panobinostat,J82,-1.706837,Panobinostat,GDSC1,0.4772978788691099
Panobinostat,KNS-62,-1.464483,Panobinostat,GDSC1,0.5022640151845748
Panobinostat,KOSC-2,-3.452534,Panobinostat,GDSC1,0.2974646214543447
Panobinostat,KP-4,-2.193717,Panobinostat,GDSC1,0.4271418573086095
Panobinostat,KYSE-140,-2.223296,Panobinostat,GDSC1,0.4240947718630417
Panobinostat,KYSE-410,-3.188781,Panobinostat,GDSC1,0.32463517919885393
Panobinostat,KYSE-520,-3.491752,Panobinostat,GDSC1,0.293424572872436
Panobinostat,KYSE-70,-3.276946,Panobinostat,GDSC1,0.31555284753421065
Panobinostat,LB1047-RCC,-2.726941,Panobinostat,GDSC1,0.3722117011293122
Panobinostat,LB2241-RCC,-1.44896,Panobinostat,GDSC1,0.5038631195279112
Panobinostat,LB2518-MEL,-3.175536,Panobinostat,GDSC1,0.3259996150055596
Panobinostat,LB373-MEL-D,-3.207205,Panobinostat,GDSC1,0.32273722787361847
Panobinostat,LB647-SCLC,-4.830069,Panobinostat,GDSC1,0.1555576317231092
Panobinostat,LB771-HNC,-3.444042,Panobinostat,GDSC1,0.2983394262010826
Panobinostat,LB831-BLC,-2.537248,Panobinostat,GDSC1,0.3917529560542958
Panobinostat,LB996-RCC,-1.701116,Panobinostat,GDSC1,0.4778872286048716
Panobinostat,LCLC-103H,-2.84702,Panobinostat,GDSC1,0.35984174361829646
Panobinostat,LU-134-A,-3.049104,Panobinostat,GDSC1,0.33902402783405367
Panobinostat,LU-165,-3.430797,Panobinostat,GDSC1,0.29970386200778826
Panobinostat,LXF-289,-1.207163,Panobinostat,GDSC1,0.5287718763987301
Panobinostat,MS-1,-3.057184,Panobinostat,GDSC1,0.3381916653336247
Panobinostat,MZ1-PC,-3.245042,Panobinostat,GDSC1,0.3188394432289736
Panobinostat,MZ7-mel,-3.572382,Panobinostat,GDSC1,0.2851184604455071
Panobinostat,NCI-H1304,-2.781895,Panobinostat,GDSC1,0.36655060597478595
Panobinostat,NCI-H1563,-2.443176,Panobinostat,GDSC1,0.40144379827463633
Panobinostat,NCI-H292,-1.909037,Panobinostat,GDSC1,0.45646821332619747
Panobinostat,NCI-H510A,-4.632231,Panobinostat,GDSC1,0.1759379451339831
Panobinostat,PC-14,-3.842509,Panobinostat,GDSC1,0.2572912840651396
Panobinostat,SBC-3,-3.280876,Panobinostat,GDSC1,0.31514799795170007
Panobinostat,SK-MM-2,-5.252282,Panobinostat,GDSC1,0.1120632915753858
Panobinostat,TE-15,-1.54658,Panobinostat,GDSC1,0.4938067795165408
Panobinostat,U-266,-3.785055,Panobinostat,GDSC1,0.26320991712202635
Panobinostat,BE2-M17,-3.838149,Panobinostat,GDSC1,0.25774043016685627
Panobinostat,KELLY,-4.578851,Panobinostat,GDSC1,0.18143689442518318
Panobinostat,SIMA,-4.5154,Panobinostat,GDSC1,0.18797330940225215
Panobinostat,TE-1,-2.727566,Panobinostat,GDSC1,0.3721473166537221
Panobinostat,TE-10,-3.577586,Panobinostat,GDSC1,0.2845823695479536
Panobinostat,TE-8,-2.343889,Panobinostat,GDSC1,0.4116718645593007
Panobinostat,CAPAN-1,-2.499938,Panobinostat,GDSC1,0.39559645170912294
Panobinostat,OVCAR-3,-3.617803,Panobinostat,GDSC1,0.2804394088202617
Panobinostat,PC-3,-3.102994,Panobinostat,GDSC1,0.333472540810772
Panobinostat,DU-145,-3.135548,Panobinostat,GDSC1,0.33011898526139527
Panobinostat,HCT-116,-4.652543,Panobinostat,GDSC1,0.17384550118488504
Panobinostat,HCT-15,0.857747,Panobinostat,GDSC1,0.7414889123839686
Panobinostat,HL-60,-4.65043,Panobinostat,GDSC1,0.17406317221996004
Panobinostat,HT-29,-3.919542,Panobinostat,GDSC1,0.24935571717212696
Panobinostat,K-562,-3.775234,Panobinostat,GDSC1,0.26422162901765905
Panobinostat,NCI-H226,-3.654797,Panobinostat,GDSC1,0.2766284659562928
Panobinostat,NCI-H23,-3.003302,Panobinostat,GDSC1,0.34374232823561873
Panobinostat,NCI-H460,-2.571967,Panobinostat,GDSC1,0.3881763726814749
Panobinostat,NCI-H522,-3.486916,Panobinostat,GDSC1,0.293922754190762
Panobinostat,T47D,-4.303889,Panobinostat,GDSC1,0.20976214910871574
Panobinostat,MCF7,-3.64655,Panobinostat,GDSC1,0.27747803198859944
Panobinostat,786-0,-2.817033,Panobinostat,GDSC1,0.3629308592495295
Panobinostat,A498,-1.537154,Panobinostat,GDSC1,0.49477780042360053
Panobinostat,A549,-2.537043,Panobinostat,GDSC1,0.3917740741622893
Panobinostat,ACHN,-1.656128,Panobinostat,GDSC1,0.48252167466542817
Panobinostat,BT-549,-1.172791,Panobinostat,GDSC1,0.5323127135107033
Panobinostat,CCRF-CEM,-4.512073,Panobinostat,GDSC1,0.1883160408427134
Panobinostat,SK-MEL-28,-2.078508,Panobinostat,GDSC1,0.43901013098582703
Panobinostat,SK-MEL-2,-3.840674,Panobinostat,GDSC1,0.25748031688547224
Panobinostat,SK-MEL-5,-3.536632,Panobinostat,GDSC1,0.28880125244926136
Panobinostat,Hs-578-T,-2.579971,Panobinostat,GDSC1,0.38735183933327777
Panobinostat,MOLT-4,-5.015834,Panobinostat,GDSC1,0.13642102035031436
Panobinostat,SK-OV-3,-3.005936,Panobinostat,GDSC1,0.3434709863016918
Panobinostat,MDA-MB-231,-2.372454,Panobinostat,GDSC1,0.4087292364869303
Panobinostat,COLO-205,-4.517203,Panobinostat,GDSC1,0.18778757306706975
Panobinostat,SW620,-3.774376,Panobinostat,GDSC1,0.26431001602574916
Panobinostat,CAKI-1,-2.123237,Panobinostat,GDSC1,0.43440236585195496
Panobinostat,RPMI-8226,-4.728525,Panobinostat,GDSC1,0.16601820322602456
Panobinostat,SR,-4.038493,Panobinostat,GDSC1,0.23710196076265627
Panobinostat,NCI-H322M,-3.063677,Panobinostat,GDSC1,0.3375227878936141
Panobinostat,IGROV-1,-3.169532,Panobinostat,GDSC1,0.3266181180318684
Panobinostat,OVCAR-5,-3.592895,Panobinostat,GDSC1,0.2830053104490592
Panobinostat,EKVX,-0.815265,Panobinostat,GDSC1,0.5691433119424308
Panobinostat,HCC2998,-3.117615,Panobinostat,GDSC1,0.3319663561426072
Panobinostat,HOP-62,-1.335532,Panobinostat,GDSC1,0.5155479232034872
Panobinostat,LOXIMVI,-2.877836,Panobinostat,GDSC1,0.3566672284186408
Panobinostat,UACC-62,-2.168146,Panobinostat,GDSC1,0.429776057989113
Panobinostat,UACC-257,-3.441097,Panobinostat,GDSC1,0.29864280585006325
Panobinostat,RXF393,-3.076285,Panobinostat,GDSC1,0.33622397274443
Panobinostat,SN12C,-1.752632,Panobinostat,GDSC1,0.47258029957367137
Panobinostat,TK10,-2.945041,Panobinostat,GDSC1,0.3497440945273874
Panobinostat,U031,-1.262257,Panobinostat,GDSC1,0.5230963591216717
Panobinostat,SNB75,-1.881653,Panobinostat,GDSC1,0.4592891804934928
Panobinostat,U251,-4.026992,Panobinostat,GDSC1,0.23828673812867524
Panobinostat,SF539,-1.727281,Panobinostat,GDSC1,0.47519183691876715
Panobinostat,SF295,-2.507724,Panobinostat,GDSC1,0.3947943756660116
Panobinostat,SF268,-2.721199,Panobinostat,GDSC1,0.3728032141834537
Panobinostat,KM12,-3.344228,Panobinostat,GDSC1,0.3086217814755646
Panobinostat,OVCAR-4,-1.553702,Panobinostat,GDSC1,0.49307310554029626
Panobinostat,OVCAR-8,-3.785592,Panobinostat,GDSC1,0.2631545979805993
Panobinostat,BxPC-3,-2.593429,Panobinostat,GDSC1,0.38596546129729103
Panobinostat,BHT-101,-3.552998,Panobinostat,GDSC1,0.287115306325249
Panobinostat,Becker,-2.676642,Panobinostat,GDSC1,0.3773932607096433
Panobinostat,BE-13,-4.614028,Panobinostat,GDSC1,0.1778131301086499
Panobinostat,ARH-77,-2.853027,Panobinostat,GDSC1,0.3592229315465048
Panobinostat,AGS,-3.344929,Panobinostat,GDSC1,0.30854956784774273
Panobinostat,ABC-1,-3.541794,Panobinostat,GDSC1,0.28826948818846754
Panobinostat,A2058,-0.233116,Panobinostat,GDSC1,0.6291134848709219
Panobinostat,A375,-2.38527,Panobinostat,GDSC1,0.4074089941842698
Panobinostat,A253,-2.800422,Panobinostat,GDSC1,0.3646420440879732
Panobinostat,8305C,-3.795833,Panobinostat,GDSC1,0.26209961971737
Panobinostat,647-V,-3.440551,Panobinostat,GDSC1,0.29869905212793874
Panobinostat,639-V,-2.381131,Panobinostat,GDSC1,0.4078353739354177
Panobinostat,697,-5.213404,Panobinostat,GDSC1,0.11606831500257352
Panobinostat,BT-20,-1.872033,Panobinostat,GDSC1,0.4602801863417758
Panobinostat,A2780,-3.27218,Panobinostat,GDSC1,0.3160438177912706
Panobinostat,COR-L105,-2.232314,Panobinostat,GDSC1,0.42316578114164716
Panobinostat,COR-L88,-5.189637,Panobinostat,GDSC1,0.11851667633273369
Panobinostat,COLO-824,-3.580239,Panobinostat,GDSC1,0.2843090703259687
Panobinostat,COLO-800,-3.572633,Panobinostat,GDSC1,0.2850926036401101
Panobinostat,COLO-680N,-2.715534,Panobinostat,GDSC1,0.37338679507020245
Panobinostat,COLO-679,-3.676733,Panobinostat,GDSC1,0.27436872538582135
Panobinostat,CHP-212,-5.388553,Panobinostat,GDSC1,0.09802531257836201
Panobinostat,CFPAC-1,-2.335077,Panobinostat,GDSC1,0.4125796341575408
Panobinostat,Ca-Ski,-3.477513,Panobinostat,GDSC1,0.2948914057491201
Panobinostat,Caov-3,-0.861505,Panobinostat,GDSC1,0.5643798909003721
Panobinostat,CAL-120,-1.183117,Panobinostat,GDSC1,0.5312489789587937
Panobinostat,CAL-72,-1.784521,Panobinostat,GDSC1,0.4692952491063226
Panobinostat,CAL-62,-2.13522,Panobinostat,GDSC1,0.43316793517836105
Panobinostat,C32,-0.602828,Panobinostat,GDSC1,0.5910275436879288
Panobinostat,Daudi,-2.23226,Panobinostat,GDSC1,0.4231713439603381
Panobinostat,DB,-4.866402,Panobinostat,GDSC1,0.15181478188052447
Panobinostat,Daoy,-3.30341,Panobinostat,GDSC1,0.312826654314984
Panobinostat,D-283MED,-3.616381,Panobinostat,GDSC1,0.2805858963791243
Panobinostat,DBTRG-05MG,-1.762813,Panobinostat,GDSC1,0.4715315022200987
Panobinostat,DEL,-4.10373,Panobinostat,GDSC1,0.2303815607081411
Panobinostat,Detroit562,-2.473477,Panobinostat,GDSC1,0.3983223358828668
Panobinostat,DG-75,-2.941797,Panobinostat,GDSC1,0.3500782757094903
Panobinostat,DK-MG,-3.099532,Panobinostat,GDSC1,0.33382917929796074
Panobinostat,DJM-1,-1.701734,Panobinostat,GDSC1,0.47782356523540803
Panobinostat,DoTc2-4510,-2.940917,Panobinostat,GDSC1,0.35016892905112124
Panobinostat,DU-4475,-5.425353,Panobinostat,GDSC1,0.09423435465561629
Panobinostat,EB2,-3.482179,Panobinostat,GDSC1,0.2944107370081546
Panobinostat,EB-3,-2.542604,Panobinostat,GDSC1,0.39120120685227877
Panobinostat,ECC10,-3.968802,Panobinostat,GDSC1,0.24428119034401682
Panobinostat,EFM-19,-4.666821,Panobinostat,GDSC1,0.17237465071692407
Panobinostat,EFO-27,-4.019467,Panobinostat,GDSC1,0.2390619272147802
Panobinostat,EHEB,-2.611049,Panobinostat,GDSC1,0.38415033416145467
Panobinostat,EM-2,-2.498121,Panobinostat,GDSC1,0.39578363025655855
Panobinostat,EoL-1-cell,-1.513995,Panobinostat,GDSC1,0.4971635285359067
Panobinostat,ETK-1,-2.965776,Panobinostat,GDSC1,0.3476080751652099
Panobinostat,EVSA-T,2.121713,Panobinostat,GDSC1,0.8716965733019351
Panobinostat,FADU,-2.383287,Panobinostat,GDSC1,0.40761327324842206
Panobinostat,G-361,-3.596313,Panobinostat,GDSC1,0.28265320462895205
Panobinostat,GAMG,-3.145462,Panobinostat,GDSC1,0.3290976929557947
Panobinostat,GCIY,-2.938613,Panobinostat,GDSC1,0.3504062759819366
Panobinostat,GDM-1,-3.069591,Panobinostat,GDSC1,0.3369135562317903
Panobinostat,GI-1,-3.768195,Panobinostat,GDSC1,0.26494675273554513
Panobinostat,GI-ME-N,-3.450032,Panobinostat,GDSC1,0.297722365387027
Panobinostat,GOTO,-4.448698,Panobinostat,GDSC1,0.1948446266675505
Panobinostat,GR-ST,-2.917303,Panobinostat,GDSC1,0.352601529061657
Panobinostat,GCT,-3.121293,Panobinostat,GDSC1,0.3315874663806545
Panobinostat,ESS-1,-3.209314,Panobinostat,GDSC1,0.32251996889918716
Panobinostat,H4,-2.928132,Panobinostat,GDSC1,0.3514859778837925
Panobinostat,H9,-5.100532,Panobinostat,GDSC1,0.12769584224866448
Panobinostat,HC-1,-4.098648,Panobinostat,GDSC1,0.23090508375605936
Panobinostat,HCC1419,-4.065517,Panobinostat,GDSC1,0.23431807905330088
Panobinostat,HCC1569,-3.481405,Panobinostat,GDSC1,0.2944904707427254
Panobinostat,HCC1806,-3.251898,Panobinostat,GDSC1,0.31813317128554036
Panobinostat,HCC70,-2.94871,Panobinostat,GDSC1,0.3493661319018832
Panobinostat,HEC-1,-3.079113,Panobinostat,GDSC1,0.33593264586927984
Panobinostat,HEL,-3.939655,Panobinostat,GDSC1,0.2472837732400567
Panobinostat,HGC-27,-3.748954,Panobinostat,GDSC1,0.26692886744727207
Panobinostat,HH,-4.72291,Panobinostat,GDSC1,0.1665966333547262
Panobinostat,HLE,-2.975087,Panobinostat,GDSC1,0.34664890100165874
Panobinostat,HMV-II,-1.880102,Panobinostat,GDSC1,0.4594489570081173
Panobinostat,HOS,-3.190934,Panobinostat,GDSC1,0.32441338755734117
Panobinostat,HSC-3,-2.300451,Panobinostat,GDSC1,0.41614663712039385
Panobinostat,HSC-4,-2.494361,Panobinostat,GDSC1,0.39617096726170864
Panobinostat,HT,-2.994364,Panobinostat,GDSC1,0.3446630777441378
Panobinostat,HT-1080,-1.970423,Panobinostat,GDSC1,0.4501445246564783
Panobinostat,HT-1197,-3.197342,Panobinostat,GDSC1,0.3237532664060109
Panobinostat,HT-1376,-2.771986,Panobinostat,GDSC1,0.36757138320458177
Panobinostat,HT-144,-3.388888,Panobinostat,GDSC1,0.3040211243877977
Panobinostat,HT-3,-4.360761,Panobinostat,GDSC1,0.20390347087549854
Panobinostat,HuCCT1,-3.107017,Panobinostat,GDSC1,0.33305811081829356
Panobinostat,HuH-7,0.03298,Panobinostat,GDSC1,0.6565254071375234
Panobinostat,HuO9,-4.100964,Panobinostat,GDSC1,0.23066650064331262
Panobinostat,HuTu-80,-3.988245,Panobinostat,GDSC1,0.24227826656977922
Panobinostat,IGR-1,-3.918027,Panobinostat,GDSC1,0.24951178514095737
Panobinostat,IMR-5,-4.622274,Panobinostat,GDSC1,0.17696366709150424
Panobinostat,IPC-298,-2.763528,Panobinostat,GDSC1,0.36844268543584763
Panobinostat,IST-MEL1,-2.501428,Panobinostat,GDSC1,0.39544295911931615
Panobinostat,IST-MES1,-2.674566,Panobinostat,GDSC1,0.3776071201837634
Panobinostat,JAR,-3.236575,Panobinostat,GDSC1,0.319711672596688
Panobinostat,JEG-3,-3.205438,Panobinostat,GDSC1,0.32291925566300683
Panobinostat,JiyoyeP-2003,-3.148192,Panobinostat,GDSC1,0.32881646156641714
Panobinostat,JVM-2,3.127697,Panobinostat,GDSC1,0.9753281769692009
Panobinostat,JVM-3,-3.375461,Panobinostat,GDSC1,0.30540430895379517
Panobinostat,KALS-1,-1.72739,Panobinostat,GDSC1,0.4751806082662243
Panobinostat,KARPAS-45,-6.064435,Panobinostat,GDSC1,0.02839921956909048
Panobinostat,KARPAS-299,-4.038217,Panobinostat,GDSC1,0.23713039294707683
Panobinostat,KARPAS-422,-2.904821,Panobinostat,GDSC1,0.35388736430056217
Panobinostat,KATOIII,-3.511138,Panobinostat,GDSC1,0.29142752096237223
Panobinostat,KE-37,-4.487243,Panobinostat,GDSC1,0.19087390728895726
Panobinostat,KG-1,-3.21646,Panobinostat,GDSC1,0.3217838225590801
Panobinostat,KINGS-1,-2.694589,Panobinostat,GDSC1,0.37554444761617817
Panobinostat,KMOE-2,-5.150574,Panobinostat,GDSC1,0.1225407575646961
Panobinostat,KMS-12-BM,-4.984636,Panobinostat,GDSC1,0.13963488734145074
Panobinostat,KNS-42,-0.18067,Panobinostat,GDSC1,0.6345162180018001
Panobinostat,HuP-T3,-2.104583,Panobinostat,GDSC1,0.43632401066420773
Panobinostat,HuP-T4,-2.977396,Panobinostat,GDSC1,0.34641103899503856
Panobinostat,HT55,-2.920621,Panobinostat,GDSC1,0.35225972475764417
Panobinostat,HT-115,-3.398463,Panobinostat,GDSC1,0.30303475422175724
Panobinostat,GP5d,-2.450608,Panobinostat,GDSC1,0.4006781895984992
Panobinostat,DMS-53,-1.953008,Panobinostat,GDSC1,0.4519385336843212
Panobinostat,G-402,-2.030623,Panobinostat,GDSC1,0.443943011967639
Panobinostat,G-401,-3.056067,Panobinostat,GDSC1,0.33830673326839933
Panobinostat,KY821,-3.527589,Panobinostat,GDSC1,0.2897328185496796
Panobinostat,KU812,-4.353624,Panobinostat,GDSC1,0.20463869007915714
Panobinostat,KU-19-19,-4.383802,Panobinostat,GDSC1,0.20152989855218378
Panobinostat,KS-1,-2.028545,Panobinostat,GDSC1,0.44415707747208094
Panobinostat,KP-N-YN,-3.405767,Panobinostat,GDSC1,0.30228233148622097
Panobinostat,KYSE-150,-2.652295,Panobinostat,GDSC1,0.3799013708331512
Panobinostat,KYSE-180,-2.15408,Panobinostat,GDSC1,0.43122506924295384
Panobinostat,KYSE-270,-1.864474,Panobinostat,GDSC1,0.4610588779433528
Panobinostat,KYSE-450,-2.682175,Panobinostat,GDSC1,0.37682327782413916
Panobinostat,KYSE-510,2.032987,Panobinostat,GDSC1,0.862556450132002
Panobinostat,L-428,-2.931975,Panobinostat,GDSC1,0.351090090620284
Panobinostat,L-540,-3.98167,Panobinostat,GDSC1,0.24295559125298719
Panobinostat,LAMA-84,-3.7505,Panobinostat,GDSC1,0.26676960600845234
Panobinostat,LC-2-ad,-1.794089,Panobinostat,GDSC1,0.46830960004640865
Panobinostat,LC4-1,-6.340115,Panobinostat,GDSC1,0.0
Panobinostat,LNCaP-Clone-FGC,-3.032242,Panobinostat,GDSC1,0.3407610694778943
Panobinostat,LOUCY,-4.904923,Panobinostat,GDSC1,0.14784653486579383
Panobinostat,LoVo,-3.538215,Panobinostat,GDSC1,0.2886381794494867
Panobinostat,LP-1,-0.497195,Panobinostat,GDSC1,0.6019093441839449
Panobinostat,LS-123,-3.160661,Panobinostat,GDSC1,0.3275319655246042
Panobinostat,LS-411N,-4.565503,Panobinostat,GDSC1,0.1828119407934661
Panobinostat,LS-513,-3.186487,Panobinostat,GDSC1,0.32487149597805987
Panobinostat,LU-99A,-1.502315,Panobinostat,GDSC1,0.4983667456157347
Panobinostat,MC116,-3.139353,Panobinostat,GDSC1,0.3297270125740027
Panobinostat,MC-IXC,-4.293937,Panobinostat,GDSC1,0.21078735599043222
Panobinostat,MDA-MB-175-VII,0.921732,Panobinostat,GDSC1,0.7480803374569817
Panobinostat,MDA-MB-361,-3.762541,Panobinostat,GDSC1,0.26552920045552353
Panobinostat,MDA-MB-453,-5.159677,Panobinostat,GDSC1,0.12160301055462121
Panobinostat,MDA-MB-468,-2.561607,Panobinostat,GDSC1,0.3892436097488566
Panobinostat,MEL-HO,-3.542528,Panobinostat,GDSC1,0.28819387506033456
Panobinostat,MEL-JUSO,-2.783082,Panobinostat,GDSC1,0.3664283269787452
Panobinostat,MEG-01,-3.667005,Panobinostat,GDSC1,0.2753708568714863
Panobinostat,MES-SA,-2.705704,Panobinostat,GDSC1,0.37439943410228366
Panobinostat,Mewo,-2.717991,Panobinostat,GDSC1,0.37313368681976256
Panobinostat,MFE-280,-2.627936,Panobinostat,GDSC1,0.3824107171385903
Panobinostat,MFE-296,-2.746304,Panobinostat,GDSC1,0.37021701856795014
Panobinostat,MG-63,-2.094528,Panobinostat,GDSC1,0.43735982810750146
Panobinostat,MHH-ES-1,-3.907082,Panobinostat,GDSC1,0.25063928607749136
Panobinostat,MHH-NB-11,-4.73103,Panobinostat,GDSC1,0.16576015024785948
Panobinostat,MHH-PREB-1,-3.523904,Panobinostat,GDSC1,0.2901124294177589
Panobinostat,MKN1,-3.668553,Panobinostat,GDSC1,0.27521138940234474
Panobinostat,MKN28,-1.559858,Panobinostat,GDSC1,0.49243894420952394
Panobinostat,ML-2,-3.271405,Panobinostat,GDSC1,0.31612365454100233
Panobinostat,MLMA,-5.074752,Panobinostat,GDSC1,0.13035157309780537
Panobinostat,MN-60,-2.789234,Panobinostat,GDSC1,0.3657945777086166
Panobinostat,MOG-G-CCM,-2.930799,Panobinostat,GDSC1,0.3512112364495544
Panobinostat,MOG-G-UVW,-3.234621,Panobinostat,GDSC1,0.3199129642211729
Panobinostat,MOLT-16,-5.03668,Panobinostat,GDSC1,0.1342735663052721
Panobinostat,MONO-MAC-6,-3.864973,Panobinostat,GDSC1,0.2549771514896897
Panobinostat,Mo-T,-2.075288,Panobinostat,GDSC1,0.4393418398040674
Panobinostat,MPP-89,-2.649565,Panobinostat,GDSC1,0.38018260222252875
Panobinostat,MRK-nu-1,-3.319337,Panobinostat,GDSC1,0.31118593184662613
Panobinostat,MSTO-211H,-2.062134,Panobinostat,GDSC1,0.4406969012311271
Panobinostat,MV-4-11,-5.310883,Panobinostat,GDSC1,0.1060265001288962
Panobinostat,NALM-6,-4.79651,Panobinostat,GDSC1,0.15901471750923485
Panobinostat,NB69,-5.667516,Panobinostat,GDSC1,0.06928789423589184
Panobinostat,NCCIT,-3.958884,Panobinostat,GDSC1,0.24530289471026118
Panobinostat,NCI-H520,-3.035019,Panobinostat,GDSC1,0.34047499637595235
Panobinostat,SNU-1,-0.763237,Panobinostat,GDSC1,0.5745029847360343
Panobinostat,SNU-5,-3.11541,Panobinostat,GDSC1,0.3321935045724891
Panobinostat,SNU-16,-3.929684,Panobinostat,GDSC1,0.24831093740983112
Panobinostat,NH-12,-4.536482,Panobinostat,GDSC1,0.18580154377922697
Panobinostat,NKM-1,-5.221735,Panobinostat,GDSC1,0.11521009569674757
Panobinostat,NMC-G1,-1.957815,Panobinostat,GDSC1,0.4514433398056625
Panobinostat,no-11,0.842863,Panobinostat,GDSC1,0.7399556347284755
Panobinostat,NOMO-1,-4.036282,Panobinostat,GDSC1,0.23732972728350385
Panobinostat,no-10,-1.632728,Panobinostat,GDSC1,0.48493222943152187
Panobinostat,NTERA-2-cl-D1,-3.987814,Panobinostat,GDSC1,0.24232266610414616
Panobinostat,NUGC-3,-2.049519,Panobinostat,GDSC1,0.4419964374864378
Panobinostat,NCI-H747,-3.938965,Panobinostat,GDSC1,0.2473548537011082
Panobinostat,NCI-H716,-3.239287,Panobinostat,GDSC1,0.3194322954802074
Panobinostat,NCI-H596,-2.583912,Panobinostat,GDSC1,0.3869458565839967
Panobinostat,NCI-H441,-2.708081,Panobinostat,GDSC1,0.3741545670647194
Panobinostat,NCI-N87,-3.569011,Panobinostat,GDSC1,0.2854657245530499
Panobinostat,NCI-H2452,-2.729564,Panobinostat,GDSC1,0.3719414923621556
Panobinostat,NCI-H1793,-0.152923,Panobinostat,GDSC1,0.6373745796725182
Panobinostat,NCI-H358,-2.445542,Panobinostat,GDSC1,0.40120006440384237
Panobinostat,NCI-H1155,-3.009645,Panobinostat,GDSC1,0.3430889030697499
Panobinostat,NCI-H1105,-4.072479,Panobinostat,GDSC1,0.23360088750280747
Panobinostat,NCI-H1436,-4.091459,Panobinostat,GDSC1,0.231645659748087
Panobinostat,NCI-H28,-3.114193,Panobinostat,GDSC1,0.33231887402335814
Panobinostat,NCI-H1581,-3.940456,Panobinostat,GDSC1,0.24720125809614044
Panobinostat,NCI-H1573,-2.548037,Panobinostat,GDSC1,0.39064152548286907
Panobinostat,NCI-H1666,-2.680139,Panobinostat,GDSC1,0.37703301669182154
Panobinostat,NCI-H1703,-2.513588,Panobinostat,GDSC1,0.394190294762235
Panobinostat,NCI-H1755,-2.602067,Panobinostat,GDSC1,0.3850756163370552
Panobinostat,NCI-H1993,-1.028295,Panobinostat,GDSC1,0.547197992206493
Panobinostat,NCI-H2081,-2.953368,Panobinostat,GDSC1,0.3488862872822052
Panobinostat,NCI-H2196,-3.383045,Panobinostat,GDSC1,0.3046230419731945
Panobinostat,NCI-H524,-3.038945,Panobinostat,GDSC1,0.3400705588540855
Panobinostat,ONS-76,-2.282698,Panobinostat,GDSC1,0.4179754652726358
Panobinostat,OPM-2,-5.230829,Panobinostat,GDSC1,0.11427327582312123
Panobinostat,OS-RC-2,-1.478808,Panobinostat,GDSC1,0.5007883230040494
Panobinostat,P12-ICHIKAWA,-4.556549,Panobinostat,GDSC1,0.18373433854456017
Panobinostat,P30-OHK,-5.574401,Panobinostat,GDSC1,0.0788801509472088
Panobinostat,P31-FUJ,-3.098963,Panobinostat,GDSC1,0.33388779492453796
Panobinostat,PA-1,-5.372123,Panobinostat,GDSC1,0.0997178516726748
Panobinostat,OCUB-M,-3.891734,Panobinostat,GDSC1,0.2522203627676626
Panobinostat,OC-314,-2.959901,Panobinostat,GDSC1,0.34821328923575695
Panobinostat,PF-382,-4.710305,Panobinostat,GDSC1,0.1678951394584275
Panobinostat,Raji,-3.931098,Panobinostat,GDSC1,0.24816527397225605
Panobinostat,RCM-1,-2.697154,Panobinostat,GDSC1,0.3752802137283564
Panobinostat,RD,-3.02141,Panobinostat,GDSC1,0.3418769297012416
Panobinostat,REH,-4.148048,Panobinostat,GDSC1,0.22581613480541704
Panobinostat,RF-48,-4.652064,Panobinostat,GDSC1,0.17389484544697723
Panobinostat,RKO,-2.062318,Panobinostat,GDSC1,0.44067794644151326
Panobinostat,RMG-I,-1.798799,Panobinostat,GDSC1,0.4678243986383616
Panobinostat,RPMI-6666,-5.065059,Panobinostat,GDSC1,0.13135009905283732
Panobinostat,RPMI-8402,-4.810122,Panobinostat,GDSC1,0.1576124751384627
Panobinostat,RS4-11,-4.961919,Panobinostat,GDSC1,0.1419750827526196
Panobinostat,RT-112,-4.146749,Panobinostat,GDSC1,0.22594995149948358
Panobinostat,RVH-421,1.178361,Panobinostat,GDSC1,0.7745170151949247
Panobinostat,Saos-2,-3.386911,Panobinostat,GDSC1,0.30422478536098435
Panobinostat,SAS,-4.253778,Panobinostat,GDSC1,0.21492434183878936
Panobinostat,SCC-9,-4.307876,Panobinostat,GDSC1,0.20935142766203127
Panobinostat,SF126,-1.602033,Panobinostat,GDSC1,0.4880942797967034
Panobinostat,SH-4,-2.245861,Panobinostat,GDSC1,0.42177023475633635
Panobinostat,SIG-M5,-4.492925,Panobinostat,GDSC1,0.1902885751444725
Panobinostat,SJRH30,-4.666213,Panobinostat,GDSC1,0.1724372839347781
Panobinostat,SJSA-1,-1.852491,Panobinostat,GDSC1,0.46229330861694695
Panobinostat,SK-HEP-1,-2.518578,Panobinostat,GDSC1,0.3936762491091235
Panobinostat,SK-LMS-1,-3.706523,Panobinostat,GDSC1,0.2712999037412944
Panobinostat,SK-LU-1,-0.213063,Panobinostat,GDSC1,0.6311792478933355
Panobinostat,SKM-1,-4.845698,Panobinostat,GDSC1,0.1539476077727127
Panobinostat,SK-MEL-1,-1.757354,Panobinostat,GDSC1,0.47209386198369296
Panobinostat,SK-MEL-3,-3.312459,Panobinostat,GDSC1,0.31189447012360016
Panobinostat,SK-MEL-24,-2.663407,Panobinostat,GDSC1,0.3787566663647395
Panobinostat,SK-MEL-30,-3.106147,Panobinostat,GDSC1,0.333147734008315
Panobinostat,SK-MES-1,-1.971545,Panobinostat,GDSC1,0.450028941645899
Panobinostat,SK-MG-1,-2.683589,Panobinostat,GDSC1,0.3766776143865641
Panobinostat,SK-PN-DW,-3.526825,Panobinostat,GDSC1,0.2898115221326409
Panobinostat,SK-UT-1,-2.824008,Panobinostat,GDSC1,0.36221232850194385
Panobinostat,SNG-M,-3.415293,Panobinostat,GDSC1,0.3013010090630667
Panobinostat,SNU-387,-2.767337,Panobinostat,GDSC1,0.36805030068781125
Panobinostat,SNU-423,-3.570599,Panobinostat,GDSC1,0.28530213647747055
Panobinostat,SNU-449,-1.881473,Panobinostat,GDSC1,0.4593077232224628
Panobinostat,SNU-475,-4.370384,Panobinostat,GDSC1,0.2029121559817328
Panobinostat,SNU-C2B,-3.093786,Panobinostat,GDSC1,0.3344211044127459
Panobinostat,SU-DHL-1,-2.690985,Panobinostat,GDSC1,0.375915714256221
Panobinostat,SUP-T1,-4.28904,Panobinostat,GDSC1,0.21129182123357582
Panobinostat,SW13,-2.444434,Panobinostat,GDSC1,0.4013142052021685
Panobinostat,SW1088,-1.74922,Panobinostat,GDSC1,0.4729317873028129
Panobinostat,SW1116,-1.536994,Panobinostat,GDSC1,0.4947942828493516
Panobinostat,SW1417,-3.154296,Panobinostat,GDSC1,0.32818765702401387
Panobinostat,SW1463,-2.264475,Panobinostat,GDSC1,0.4198527105505215
Panobinostat,SW1710,-2.713817,Panobinostat,GDSC1,0.37356367210154356
Panobinostat,SW1783,-2.806774,Panobinostat,GDSC1,0.3639876917856558
Panobinostat,SW48,-2.795466,Panobinostat,GDSC1,0.36515258722561256
Panobinostat,SW626,-3.183098,Panobinostat,GDSC1,0.3252206143584997
Panobinostat,SW684,-2.987724,Panobinostat,GDSC1,0.34534709841280714
Panobinostat,SW837,-0.592214,Panobinostat,GDSC1,0.5921209466061902
Panobinostat,SW872,-3.442716,Panobinostat,GDSC1,0.2984760243044946
Panobinostat,SW948,-0.572763,Panobinostat,GDSC1,0.5941246945017153
Panobinostat,SW962,-2.283981,Panobinostat,GDSC1,0.4178432968211444
Panobinostat,SW982,-3.20632,Panobinostat,GDSC1,0.3228283962910541
Panobinostat,T84,-0.948463,Panobinostat,GDSC1,0.5554218985349885
Panobinostat,TGBC1TKB,-1.907307,Panobinostat,GDSC1,0.4566464295546309
Panobinostat,TGBC11TKB,-2.19802,Panobinostat,GDSC1,0.4266985830710667
Panobinostat,THP-1,-4.405386,Panobinostat,GDSC1,0.1993064193183647
Panobinostat,TUR,-5.084884,Panobinostat,GDSC1,0.12930782348711903
Panobinostat,TYK-nu,-2.222694,Panobinostat,GDSC1,0.42415678698993015
Panobinostat,U-2-OS,-3.863146,Panobinostat,GDSC1,0.2551653601887347
Panobinostat,U-698-M,-3.493432,Panobinostat,GDSC1,0.2932515074020498
Panobinostat,UACC-893,-3.522794,Panobinostat,GDSC1,0.29022677624640686
Panobinostat,VMRC-RCZ,-3.873137,Panobinostat,GDSC1,0.25413613571574145
Panobinostat,WM-115,-2.847804,Panobinostat,GDSC1,0.35976097973211624
Panobinostat,WSU-NHL,-3.016365,Panobinostat,GDSC1,0.342396641188205
Panobinostat,YAPC,-1.965508,Panobinostat,GDSC1,0.450650844172519
Panobinostat,YH-13,-2.876364,Panobinostat,GDSC1,0.3568188667355506
Panobinostat,ZR-75-30,-3.134024,Panobinostat,GDSC1,0.33027598036667416
Panobinostat,RCC10RGB,-1.340809,Panobinostat,GDSC1,0.5150043121991847
Panobinostat,KURAMOCHI,-3.409367,Panobinostat,GDSC1,0.30191147690682196
Panobinostat,KM-H2,-1.716156,Panobinostat,GDSC1,0.4763378805842712
Panobinostat,HuO-3N1,-2.03151,Panobinostat,GDSC1,0.4438516375198815
Panobinostat,OE19,-3.624156,Panobinostat,GDSC1,0.2797849535027833
Panobinostat,NCI-H838,-1.79604,Panobinostat,GDSC1,0.46810861746740656
Panobinostat,Ramos-2G6-4C10,-4.339691,Panobinostat,GDSC1,0.20607400031659232
Panobinostat,RPMI-8866,-5.07597,Panobinostat,GDSC1,0.1302261006317754
Panobinostat,QIMR-WIL,-5.251958,Panobinostat,GDSC1,0.11209666848753172
Panobinostat,PSN1,-2.74311,Panobinostat,GDSC1,0.3705460489920058
Panobinostat,OAW-42,-1.039278,Panobinostat,GDSC1,0.5460665766938431
Panobinostat,OE33,-2.488717,Panobinostat,GDSC1,0.3967523848300776
Panobinostat,CW-2,3.275667,Panobinostat,GDSC1,0.9905713303341106
Panobinostat,CGTH-W-1,-3.383606,Panobinostat,GDSC1,0.3045652504679049
Panobinostat,COLO-320-HSR,-3.531221,Panobinostat,GDSC1,0.28935866748513034
Panobinostat,ATN-1,-4.191562,Panobinostat,GDSC1,0.22133353309209217
Panobinostat,CESS,-4.631616,Panobinostat,GDSC1,0.17600129945796375
Panobinostat,COLO-678,-2.426304,Panobinostat,GDSC1,0.40318187007008643
Panobinostat,COLO-684,-3.461662,Panobinostat,GDSC1,0.29652429906524624
Panobinostat,COLO-668,-1.585992,Panobinostat,GDSC1,0.48974674599340884
Panobinostat,LN-405,-2.546043,Panobinostat,GDSC1,0.39084693771379175
Panobinostat,TGBC24TKB,-2.194462,Panobinostat,GDSC1,0.42706511101370603
Panobinostat,A388,-1.577545,Panobinostat,GDSC1,0.49061691505790433
Panobinostat,BFTC-909,-2.209694,Panobinostat,GDSC1,0.4254959840822044
Panobinostat,SCC-25,-3.15529,Panobinostat,GDSC1,0.32808525995403537
Panobinostat,AsPC-1,-3.783178,Panobinostat,GDSC1,0.26340327657911855
Panobinostat,CA46,-4.547535,Panobinostat,GDSC1,0.18466291720531103
Panobinostat,AU565,-4.210596,Panobinostat,GDSC1,0.21937274251868077
Panobinostat,BALL-1,-4.604518,Panobinostat,GDSC1,0.17879280428922908
Panobinostat,BL-41,-4.958062,Panobinostat,GDSC1,0.1423724122283813
Panobinostat,BV-173,-5.012648,Panobinostat,GDSC1,0.13674922665308245
Panobinostat,IA-LM,-0.566031,Panobinostat,GDSC1,0.5948181925651916
Panobinostat,TGW,-4.998322,Panobinostat,GDSC1,0.13822502184876875
Panobinostat,AN3-CA,-3.065291,Panobinostat,GDSC1,0.3373565214238502
Panobinostat,A204,-1.508899,Panobinostat,GDSC1,0.4976884937960782
Panobinostat,NY,-4.031399,Panobinostat,GDSC1,0.23783275031439421
Panobinostat,C3A,-3.334518,Panobinostat,GDSC1,0.30962205868833254
Panobinostat,A427,-1.948855,Panobinostat,GDSC1,0.4523663556477223
Panobinostat,CAL-85-1,0.739287,Panobinostat,GDSC1,0.7292857364185216
Panobinostat,CHL-1,-3.624294,Panobinostat,GDSC1,0.279770737410573
Panobinostat,RL,-4.062456,Panobinostat,GDSC1,0.23463340846095096
Panobinostat,NCI-H146,-4.669894,Panobinostat,GDSC1,0.17205808512734258
Panobinostat,NCI-H1651,-4.133965,Panobinostat,GDSC1,0.2272668973169939
Panobinostat,RPMI-7951,-3.154177,Panobinostat,GDSC1,0.32819991582816627
Panobinostat,SNU-C1,-5.137252,Panobinostat,GDSC1,0.12391312553879437
Panobinostat,ST486,-5.308823,Panobinostat,GDSC1,0.10623871136044113
Panobinostat,SW1990,-1.631287,Panobinostat,GDSC1,0.4850806742784425
Panobinostat,UACC-812,-1.59852,Panobinostat,GDSC1,0.4884561720571003
Panobinostat,SCC-15,-3.233297,Panobinostat,GDSC1,0.320049356294263
Panobinostat,CAPAN-2,-1.376319,Panobinostat,GDSC1,0.5113462438340571
Panobinostat,CAL-27,-3.681872,Panobinostat,GDSC1,0.27383933047372927
Panobinostat,BC-3,-3.976708,Panobinostat,GDSC1,0.2434667524815922
Panobinostat,BC-1,-4.458008,Panobinostat,GDSC1,0.19388555551916023
Panobinostat,A704,-1.860984,Panobinostat,GDSC1,0.461418400855048
Panobinostat,A101D,-2.805364,Panobinostat,GDSC1,0.3641329431625871
Panobinostat,769-P,-3.028941,Panobinostat,GDSC1,0.341101122524171
Panobinostat,23132-87,-3.759993,Panobinostat,GDSC1,0.2657916830856093
Panobinostat,A431,-4.042665,Panobinostat,GDSC1,0.23667218151119712
Panobinostat,BFTC-905,-3.122344,Panobinostat,GDSC1,0.33147919744650217
Panobinostat,CAL-51,1.96872,Panobinostat,GDSC1,0.8559359747836027
Panobinostat,SCC-3,-4.143522,Panobinostat,GDSC1,0.2262823814238504
Panobinostat,RERF-LC-MS,-2.383176,Panobinostat,GDSC1,0.40762470793128686
Panobinostat,GAK,-2.955705,Panobinostat,GDSC1,0.34864554085107874
Panobinostat,AM-38,-3.057138,Panobinostat,GDSC1,0.3381964040310281
Panobinostat,A3-KAW,-4.614445,Panobinostat,GDSC1,0.17777017278653623
Panobinostat,DOK,-3.043545,Panobinostat,GDSC1,0.3395966891137423
Panobinostat,CHP-134,-5.266213,Panobinostat,GDSC1,0.11062818736827254
Panobinostat,NEC8,-5.965851,Panobinostat,GDSC1,0.038554866195611104
Panobinostat,CAS-1,-3.492213,Panobinostat,GDSC1,0.2933770828832407
Panobinostat,ALL-PO,-5.69679,Panobinostat,GDSC1,0.06627222841441202
Panobinostat,OCI-AML2,-4.881167,Panobinostat,GDSC1,0.15029376302918374
Panobinostat,MFM-223,-2.630819,Panobinostat,GDSC1,0.3821137244295883
Panobinostat,CML-T1,-6.052507,Panobinostat,GDSC1,0.029627984408832537
Panobinostat,CAL-54,-3.059077,Panobinostat,GDSC1,0.33799665763395736
Panobinostat,EFO-21,-0.954762,Panobinostat,GDSC1,0.5547730060362012
Panobinostat,LS-1034,-2.344472,Panobinostat,GDSC1,0.41161180672047026
Panobinostat,22RV1,-4.535063,Panobinostat,GDSC1,0.18594772229260678
Panobinostat,8505C,-3.564117,Panobinostat,GDSC1,0.2859698807507107
Panobinostat,B-CPAP,-3.245691,Panobinostat,GDSC1,0.3187725863895209
Panobinostat,BPH-1,-3.315584,Panobinostat,GDSC1,0.31157254774564963
Panobinostat,CAL-148,-4.193777,Panobinostat,GDSC1,0.22110535451060084
Panobinostat,CAL-39,-1.660911,Panobinostat,GDSC1,0.4820289531506322
Panobinostat,CaR-1,-3.634059,Panobinostat,GDSC1,0.27876479436395313
Panobinostat,HDLM-2,-3.968464,Panobinostat,GDSC1,0.24431600946841597
Panobinostat,HO-1-N-1,-3.207714,Panobinostat,GDSC1,0.32268479315669785
Panobinostat,HTC-C3,-1.434078,Panobinostat,GDSC1,0.5053961911530824
Panobinostat,KGN,-2.503419,Panobinostat,GDSC1,0.3952378559338763
Panobinostat,KLE,-2.19014,Panobinostat,GDSC1,0.42751034253930675
Panobinostat,KNS-81-FD,-0.965735,Panobinostat,GDSC1,0.5536426206751607
Panobinostat,K5,-3.050687,Panobinostat,GDSC1,0.338860954834279
Panobinostat,L-363,-4.379817,Panobinostat,GDSC1,0.20194041396854634
Panobinostat,MDA-MB-415,1.230204,Panobinostat,GDSC1,0.7798576301837535
Panobinostat,NCI-H1975,-3.186332,Panobinostat,GDSC1,0.3248874633280062
Panobinostat,SW954,-3.369559,Panobinostat,GDSC1,0.30601230443368765
Panobinostat,TE-441-T,-2.389018,Panobinostat,GDSC1,0.40702289336105096
Panobinostat,MKN7,-2.888071,Panobinostat,GDSC1,0.3556128682463771
Panobinostat,MDA-MB-157,-2.79641,Panobinostat,GDSC1,0.36505534091368125
Panobinostat,MMAc-SF,-3.32209,Panobinostat,GDSC1,0.31090233110854676
Panobinostat,MKN45,-1.55133,Panobinostat,GDSC1,0.4933174575020559
Panobinostat,NCI-H810,-4.720799,Panobinostat,GDSC1,0.16681409835947927
Panobinostat,MFH-ino,-2.637515,Panobinostat,GDSC1,0.38142393491190607
Panobinostat,NOS-1,-4.594944,Panobinostat,GDSC1,0.1797790714401086
Panobinostat,PANC-03-27,-2.852341,Panobinostat,GDSC1,0.3592935999469125
Panobinostat,PANC-08-13,-2.169329,Panobinostat,GDSC1,0.42965419105371605
Panobinostat,PANC-10-05,-3.097621,Panobinostat,GDSC1,0.33402604127052504
Panobinostat,RL95-2,-3.499856,Panobinostat,GDSC1,0.2925897380081444
Panobinostat,RO82-W-1,-2.746427,Panobinostat,GDSC1,0.37020434770315397
Panobinostat,SiHa,-1.165744,Panobinostat,GDSC1,0.533038661349877
Panobinostat,SKG-IIIa,-4.326206,Panobinostat,GDSC1,0.20746315976192456
Panobinostat,TT,-2.500168,Panobinostat,GDSC1,0.39557275822210586
Panobinostat,TE-9,-2.35338,Panobinostat,GDSC1,0.41069414766677953
Panobinostat,TE-11,-0.307886,Panobinostat,GDSC1,0.6214110412871259
Panobinostat,TE-12,-0.026042,Panobinostat,GDSC1,0.6504452463082762
Panobinostat,TC-YIK,-5.598969,Panobinostat,GDSC1,0.07634927447313224
Panobinostat,YT,-3.681705,Panobinostat,GDSC1,0.27385653400560694
Panobinostat,BT-474,-4.519045,Panobinostat,GDSC1,0.18759781914061058
Panobinostat,OAW-28,-0.624277,Panobinostat,GDSC1,0.588817971500837
Panobinostat,LCLC-97TM1,-2.465956,Panobinostat,GDSC1,0.399097112908328
Panobinostat,KP-N-YS,-5.329683,Panobinostat,GDSC1,0.10408981510314563
Panobinostat,D-247MG,-2.247887,Panobinostat,GDSC1,0.42156152604026353
Panobinostat,D-263MG,-2.431313,Panobinostat,GDSC1,0.40266586712891705
Panobinostat,D-336MG,-2.747018,Panobinostat,GDSC1,0.37014346574303597
Panobinostat,D-392MG,-2.434958,Panobinostat,GDSC1,0.40229037686727553
Panobinostat,D-423MG,-3.315576,Panobinostat,GDSC1,0.3115733718669371
Panobinostat,D-502MG,-2.079851,Panobinostat,GDSC1,0.438871781624679
Panobinostat,D-566MG,-3.73694,Panobinostat,GDSC1,0.26816649159085537
Panobinostat,CAMA-1,-3.99193,Panobinostat,GDSC1,0.24189865570169994
Panobinostat,CTB-1,-4.323021,Panobinostat,GDSC1,0.20779126304953177
Panobinostat,Caov-4,3.367194,Panobinostat,GDSC1,0.9999999989698483
Panobinostat,BT-483,-2.85051,Panobinostat,GDSC1,0.35948222070660135
Panobinostat,M059J,-2.501197,Panobinostat,GDSC1,0.3954667556214943
Panobinostat,HAL-01,-3.986679,Panobinostat,GDSC1,0.2424395883118178
Panobinostat,OMC-1,-3.141101,Panobinostat,GDSC1,0.32954694207267227
Panobinostat,ES8,-4.156609,Panobinostat,GDSC1,0.22493422201257393
Panobinostat,ES6,-1.745627,Panobinostat,GDSC1,0.47330192077608535
Panobinostat,ES1,-3.283427,Panobinostat,GDSC1,0.3148852062761315
Panobinostat,EW-7,-4.068397,Panobinostat,GDSC1,0.23402139538978162
Panobinostat,EW-3,-3.900235,Panobinostat,GDSC1,0.2513446308844762
Panobinostat,EW-1,-0.095209,Panobinostat,GDSC1,0.6433199966712505
Panobinostat,EW-18,-4.623042,Panobinostat,GDSC1,0.17688455144789914
Panobinostat,EW-16,-3.553925,Panobinostat,GDSC1,0.28701981127105375
Panobinostat,EW-13,-4.978097,Panobinostat,GDSC1,0.14030850347886473
Panobinostat,EW-22,-4.781706,Panobinostat,GDSC1,0.1605397539518524
Panobinostat,EW-24,-1.959236,Panobinostat,GDSC1,0.45129695526196084
Panobinostat,LAN-6,-4.2424,Panobinostat,GDSC1,0.21609644834001218
Panobinostat,NB10,-3.994571,Panobinostat,GDSC1,0.24162659266164635
Panobinostat,NB6,-4.252657,Panobinostat,GDSC1,0.21503982183420775
Panobinostat,NB7,-4.630742,Panobinostat,GDSC1,0.176091334708629
Panobinostat,NB17,-0.60222,Panobinostat,GDSC1,0.5910901769057828
Panobinostat,NB5,-3.763556,Panobinostat,GDSC1,0.2654246400671652
Panobinostat,NB13,-3.894372,Panobinostat,GDSC1,0.25194860877309183
Panobinostat,NB14,-5.172095,Panobinostat,GDSC1,0.12032376828601649
Panobinostat,NB1,-5.218155,Panobinostat,GDSC1,0.11557888997292767
Panobinostat,RH-1,-3.568733,Panobinostat,GDSC1,0.2854943627677924
Panobinostat,RH-18,-3.304604,Panobinostat,GDSC1,0.31270365421281665
Panobinostat,MZ2-MEL,-2.995471,Panobinostat,GDSC1,0.3445490399609726
Panobinostat,Jurkat,-4.945848,Panobinostat,GDSC1,0.14363063940415347
Panobinostat,LS-180,-2.406318,Panobinostat,GDSC1,0.4052407310767167
Panobinostat,BICR22,-3.721858,Panobinostat,GDSC1,0.26972016624821543
Panobinostat,BICR78,-4.350847,Panobinostat,GDSC1,0.20492476318109912
Panobinostat,CCK-81,-3.562468,Panobinostat,GDSC1,0.28613975275110765
Panobinostat,COLO-783,-2.936327,Panobinostat,GDSC1,0.35064176863985497
Panobinostat,EN,-3.266938,Panobinostat,GDSC1,0.31658382326494
Panobinostat,ES-2,-3.100061,Panobinostat,GDSC1,0.33377468427782125
Panobinostat,FU-OV-1,-3.588658,Panobinostat,GDSC1,0.28344178568597966
Panobinostat,G-MEL,-1.330111,Panobinostat,GDSC1,0.5161063683909656
Panobinostat,NCI-H2591,-0.094126,Panobinostat,GDSC1,0.643431562090553
Panobinostat,NCI-H2595,-2.604481,Panobinostat,GDSC1,0.384826937738536
Panobinostat,NCI-H2731,-2.64635,Panobinostat,GDSC1,0.38051379596496426
Panobinostat,NCI-H2803,-3.365181,Panobinostat,GDSC1,0.3064633048083013
Panobinostat,NCI-H2804,-2.809292,Panobinostat,GDSC1,0.3637282996103984
Panobinostat,NCI-H2810,-2.490727,Panobinostat,GDSC1,0.3965453243565798
Panobinostat,NCI-H2869,-1.523085,Panobinostat,GDSC1,0.49622712072292413
Panobinostat,NCI-H290,-3.862556,Panobinostat,GDSC1,0.25522613913369174
Panobinostat,NCI-H3118,-5.469349,Panobinostat,GDSC1,0.08970209963471634
Panobinostat,NCI-H513,-0.746588,Panobinostat,GDSC1,0.576218084150594
Panobinostat,HARA,-2.189078,Panobinostat,GDSC1,0.4276197446402296
Panobinostat,HCC-15,-1.857869,Panobinostat,GDSC1,0.4617392930813891
Panobinostat,HCC-44,-2.700441,Panobinostat,GDSC1,0.37494160289433287
Panobinostat,HCC-827,-3.536057,Panobinostat,GDSC1,0.28886048616680426
Panobinostat,Hep3B2-1-7,-3.093482,Panobinostat,GDSC1,0.334452421021673
Panobinostat,Hs-633T,-4.596587,Panobinostat,GDSC1,0.17960981753067726
Panobinostat,Hs-683,-2.246646,Panobinostat,GDSC1,0.4216893678549952
Panobinostat,Hs-746T,-2.250629,Panobinostat,GDSC1,0.4212790584689546
Panobinostat,IGR-37,-2.907643,Panobinostat,GDSC1,0.3535966555163777
Panobinostat,IHH-4,-3.861082,Panobinostat,GDSC1,0.25537798348092344
Panobinostat,IM-95,-4.386436,Panobinostat,GDSC1,0.20125855661825687
Panobinostat,JHH-2,-2.962162,Panobinostat,GDSC1,0.34798037195686216
Panobinostat,JHH-4,-3.465497,Panobinostat,GDSC1,0.2961292359230253
Panobinostat,JHH-6,-2.65538,Panobinostat,GDSC1,0.37958356906163837
Panobinostat,JHH-7,-3.147576,Panobinostat,GDSC1,0.32887991890555873
Panobinostat,JHU-011,-3.712942,Panobinostat,GDSC1,0.2706386494231937
Panobinostat,JHU-022,-3.93716,Panobinostat,GDSC1,0.24754079606661245
Panobinostat,KYM-1,-3.928161,Panobinostat,GDSC1,0.2484678294999491
Panobinostat,KYSE-220,-2.907404,Panobinostat,GDSC1,0.35362127613984334
Panobinostat,LN-18,-2.504893,Panobinostat,GDSC1,0.3950860115866446
Panobinostat,LN-229,-2.697137,Panobinostat,GDSC1,0.3752819649860924
Panobinostat,LNZTA3WT4,-1.405083,Panobinostat,GDSC1,0.5083831157446588
Panobinostat,MDA-MB-436,1.280998,Panobinostat,GDSC1,0.785090182268752
Panobinostat,MDST8,-3.688112,Panobinostat,GDSC1,0.2731965158694376
Panobinostat,MFE-319,-3.539866,Panobinostat,GDSC1,0.28846810141876794
Panobinostat,ML-1,-2.270853,Panobinostat,GDSC1,0.41919567985401957
Panobinostat,MS751,-2.890821,Panobinostat,GDSC1,0.35532957655378067
Panobinostat,NB(TU)1-10,-4.647868,Panobinostat,GDSC1,0.174327097062299
Panobinostat,NCI-H1836,-3.51428,Panobinostat,GDSC1,0.2911038473266856
Panobinostat,NCI-H1869,-2.477337,Panobinostat,GDSC1,0.39792469736162234
Panobinostat,NCI-H1915,-3.299284,Panobinostat,GDSC1,0.31325169486903964
Panobinostat,NCI-H1944,-3.508549,Panobinostat,GDSC1,0.2916942272140567
Panobinostat,NCI-H196,-2.922501,Panobinostat,GDSC1,0.35206605625506915
Panobinostat,NCI-H2023,-2.336075,Panobinostat,GDSC1,0.41247682502691846
Panobinostat,NCI-H211,-3.312439,Panobinostat,GDSC1,0.31189653042681903
Panobinostat,NCI-H3122,-2.875741,Panobinostat,GDSC1,0.3568830451808188
Panobinostat,NCI-H647,-3.369296,Panobinostat,GDSC1,0.30603939742101605
Panobinostat,NCI-H841,-2.373524,Panobinostat,GDSC1,0.40861901026472003
Panobinostat,NCI-H847,-4.21195,Panobinostat,GDSC1,0.21923325999076235
Panobinostat,OSC-20,-3.737991,Panobinostat,GDSC1,0.26805822265670304
Panobinostat,OV-90,-2.698986,Panobinostat,GDSC1,0.3750914899535066
Panobinostat,OVISE,-2.58199,Panobinostat,GDSC1,0.3871438517233315
Panobinostat,OVKATE,-1.786278,Panobinostat,GDSC1,0.46911425146854363
Panobinostat,OVMIU,-1.714795,Panobinostat,GDSC1,0.4764780842183162
Panobinostat,PA-TU-8988T,-1.144087,Panobinostat,GDSC1,0.535269660690445
Panobinostat,PC-3_[JPC-3],-3.84244,Panobinostat,GDSC1,0.25729839211124483
Panobinostat,PCI-15A,-3.634167,Panobinostat,GDSC1,0.27875366872657115
Panobinostat,PCI-38,-3.978098,Panobinostat,GDSC1,0.24332356140787975
Panobinostat,PCI-6A,-4.684799,Panobinostat,GDSC1,0.17052264415346965
Panobinostat,PE-CA-PJ15,-3.513921,Panobinostat,GDSC1,0.2911408297694646
Panobinostat,RERF-GC-1B,-4.454861,Panobinostat,GDSC1,0.19420974423065157
Panobinostat,RH-41,-4.896713,Panobinostat,GDSC1,0.1486922893371455
Panobinostat,SISO,-2.21525,Panobinostat,GDSC1,0.42492363184799853
Panobinostat,SKN,-2.02987,Panobinostat,GDSC1,0.4440205823838299
Panobinostat,SNU-398,-0.659113,Panobinostat,GDSC1,0.5852293353541859
Panobinostat,SU8686,-2.381778,Panobinostat,GDSC1,0.4077687231262868
Panobinostat,SUIT-2,-3.110222,Panobinostat,GDSC1,0.3327279472274675
Panobinostat,SW156,-1.945873,Panobinostat,GDSC1,0.45267354685765787
Panobinostat,TC-71,-3.371267,Panobinostat,GDSC1,0.30583635453879504
Panobinostat,TOV-21G,-1.837422,Panobinostat,GDSC1,0.4638456440772147
Panobinostat,TT2609-C02,-3.393495,Panobinostat,GDSC1,0.3035465335413279
Panobinostat,VMRC-RCW,-2.616812,Panobinostat,GDSC1,0.3835566577889334
Panobinostat,WM278,-3.057126,Panobinostat,GDSC1,0.33819764021295945
Panobinostat,H3255,-1.398456,Panobinostat,GDSC1,0.5090657972162358
Panobinostat,451Lu,-2.539581,Panobinostat,GDSC1,0.391512621683813
Panobinostat,OCI-AML3,-4.121155,Panobinostat,GDSC1,0.2285865215286888
Panobinostat,ASH-3,-3.482669,Panobinostat,GDSC1,0.29436025957929196
Panobinostat,BICR10,-2.352645,Panobinostat,GDSC1,0.4107698638100735
Panobinostat,BICR31,-2.948025,Panobinostat,GDSC1,0.34943669728713
Panobinostat,CAL-29,-3.589361,Panobinostat,GDSC1,0.28336936602783597
Panobinostat,CAL-78,-2.932291,Panobinostat,GDSC1,0.3510575378294256
Panobinostat,CL-11,-2.979724,Panobinostat,GDSC1,0.3461712197003606
Panobinostat,CS1,0.626705,Panobinostat,GDSC1,0.7176880835691043
Panobinostat,DAN-G,-2.629368,Panobinostat,GDSC1,0.3822631994281183
Panobinostat,EFM-192A,-1.678973,Panobinostat,GDSC1,0.48016829331365846
Panobinostat,FU97,-4.014231,Panobinostat,GDSC1,0.2396013145974839
Panobinostat,G-292-Clone-A141B1,-0.573292,Panobinostat,GDSC1,0.5940701994815759
Panobinostat,NCI-H2369,-2.481563,Panobinostat,GDSC1,0.3974893552914722
Panobinostat,NCI-H2373,-3.399568,Panobinostat,GDSC1,0.30292092246891394
Panobinostat,NCI-H2461,-2.081836,Panobinostat,GDSC1,0.43866729653020486
Panobinostat,NCI-H2722,-3.592752,Panobinostat,GDSC1,0.2830200416170742
Panobinostat,NCI-H2795,-2.98336,Panobinostat,GDSC1,0.34579665657516756
Panobinostat,NCI-H2818,-3.296219,Panobinostat,GDSC1,0.3135674363373336
Panobinostat,HCC1428,-4.329482,Panobinostat,GDSC1,0.20712568209467147
Panobinostat,HCC202,-3.940094,Panobinostat,GDSC1,0.24723854958440222
Panobinostat,HCC-78,-4.358776,Panobinostat,GDSC1,0.20410795596997278
Panobinostat,HDQ-P1,-1.002828,Panobinostat,GDSC1,0.5498214793102584
Panobinostat,ALL-SIL,-4.49609,Panobinostat,GDSC1,0.18996253216008419
Panobinostat,AMO-1,-3.354699,Panobinostat,GDSC1,0.3075431097253181
Panobinostat,COR-L303,-5.388707,Panobinostat,GDSC1,0.09800944824357659
Panobinostat,DND-41,-4.101987,Panobinostat,GDSC1,0.23056111613366673
Panobinostat,Farage,-3.182222,Panobinostat,GDSC1,0.3253108556394868
Panobinostat,HeLa,-1.059556,Panobinostat,GDSC1,0.5439776352602171
Panobinostat,HPAC,-1.688098,Panobinostat,GDSC1,0.4792282799700428
Panobinostat,Hs-766T,-2.065746,Panobinostat,GDSC1,0.44032481046979666
Panobinostat,Hs-939-T,-3.845341,Panobinostat,GDSC1,0.25699954512934575
Panobinostat,huH-1,-2.628232,Panobinostat,GDSC1,0.38238022465095084
Panobinostat,JHH-1,-5.957105,Panobinostat,GDSC1,0.03945583679322882
Panobinostat,KMH-2,-4.09222,Panobinostat,GDSC1,0.2315672652106085
Panobinostat,KMRC-1,-0.527503,Panobinostat,GDSC1,0.5987871606860488
Panobinostat,KMRC-20,-1.738396,Panobinostat,GDSC1,0.4740468234048727
Panobinostat,KON,-2.0233,Panobinostat,GDSC1,0.44469739199123315
Panobinostat,KP-1N,-1.579963,Panobinostat,GDSC1,0.49036782439874127
Panobinostat,KP-3,-2.563215,Panobinostat,GDSC1,0.38907796137005835
Panobinostat,KYSE-50,-0.920529,Panobinostat,GDSC1,0.5582995240408031
Panobinostat,LOU-NH91,-2.194335,Panobinostat,GDSC1,0.42707819393914603
Panobinostat,NCI-H1435,-2.594257,Panobinostat,GDSC1,0.38588016474402925
Panobinostat,NCI-H1568,-0.516846,Panobinostat,GDSC1,0.5998849932562309
Panobinostat,NCI-H1688,-2.142228,Panobinostat,GDSC1,0.43244600493046415
Panobinostat,NCI-H1781,-2.860349,Panobinostat,GDSC1,0.3584686545380716
Panobinostat,NCI-H2110,-2.283046,Panobinostat,GDSC1,0.41793961599662727
Panobinostat,NCI-H2135,-3.174971,Panobinostat,GDSC1,0.326057818571493
Panobinostat,NCI-H2172,-1.261698,Panobinostat,GDSC1,0.5231539445966394
Panobinostat,NCI-H2444,-2.907136,Panobinostat,GDSC1,0.3536488842029764
Panobinostat,NUGC-4,-2.893457,Panobinostat,GDSC1,0.3550580285895318
Panobinostat,OCUM-1,-4.985775,Panobinostat,GDSC1,0.1395175530731353
Panobinostat,OE21,-3.492406,Panobinostat,GDSC1,0.29335720095717854
Panobinostat,OSC-19,-3.028642,Panobinostat,GDSC1,0.34113192405729337
Panobinostat,OVTOKO,-2.307858,Panobinostat,GDSC1,0.41538360382328027
Panobinostat,PANC-02-03,-3.059775,Panobinostat,GDSC1,0.3379247530516183
Panobinostat,PANC-04-03,0.267834,Panobinostat,GDSC1,0.6807189297459069
Panobinostat,PA-TU-8902,-2.411315,Panobinostat,GDSC1,0.4047259643174787
Panobinostat,PCI-30,-2.375427,Panobinostat,GDSC1,0.4084229724134433
Panobinostat,PCI-4B,-4.059192,Panobinostat,GDSC1,0.23496964994627273
Panobinostat,PL4,-2.587541,Panobinostat,GDSC1,0.38657201456493034
Panobinostat,QGP-1,-2.756884,Panobinostat,GDSC1,0.36912711816516075
Panobinostat,RERF-LC-KJ,-1.094086,Panobinostat,GDSC1,0.5404205217528147
Panobinostat,RERF-LC-Sq1,-1.396855,Panobinostat,GDSC1,0.5092307244889075
Panobinostat,RKN,-1.292637,Panobinostat,GDSC1,0.5199667585321877
Panobinostat,SAT,-4.324884,Panobinostat,GDSC1,0.20759934580469275
Panobinostat,SKN-3,-3.943666,Panobinostat,GDSC1,0.24687057942950966
Panobinostat,SW1271,-1.979966,Panobinostat,GDSC1,0.4491614509755881
Panobinostat,T-T,-2.737326,Panobinostat,GDSC1,0.37114188868290693
Panobinostat,TOV-112D,-2.336796,Panobinostat,GDSC1,0.4124025510958777
Panobinostat,VCaP,-4.690765,Panobinostat,GDSC1,0.16990805570327672
Panobinostat,WM1552C,-0.962127,Panobinostat,GDSC1,0.5540142993758472
Panobinostat,WM793B,-2.918876,Panobinostat,GDSC1,0.35243948621349175
Panobinostat,GA-10,-4.618762,Panobinostat,GDSC1,0.17732545633674018
Panobinostat,GRANTA-519,-2.566775,Panobinostat,GDSC1,0.3887112273970971
Panobinostat,HCC1500,-3.800862,Panobinostat,GDSC1,0.26158155647298176
Panobinostat,HCC-33,-4.422022,Panobinostat,GDSC1,0.19759265910089738
Panobinostat,YMB-1-E,-1.98639,Panobinostat,GDSC1,0.4484996815816827
Panobinostat,CHSA8926,-3.016305,Panobinostat,GDSC1,0.34240282209786166
Panobinostat,COR-L321,-4.828208,Panobinostat,GDSC1,0.1557493429376263
Panobinostat,Hs-445,-4.418753,Panobinostat,GDSC1,0.19792941566202393
Panobinostat,HSC-39,-3.804048,Panobinostat,GDSC1,0.2612533501702136
Panobinostat,NB4,-5.325611,Panobinostat,GDSC1,0.10450929283851029
Panobinostat,JJN-3,-3.789982,Panobinostat,GDSC1,0.2627023614240544
Panobinostat,JM1,-4.881388,Panobinostat,GDSC1,0.150270996678615
Panobinostat,JSC-1,-5.602618,Panobinostat,GDSC1,0.075973372150847
Panobinostat,JURL-MK1,-3.388954,Panobinostat,GDSC1,0.30401432538717543
Panobinostat,KARPAS-231,-5.61976,Panobinostat,GDSC1,0.07420748626194187
Panobinostat,KARPAS-620,-4.231091,Panobinostat,GDSC1,0.21726144679512985
Panobinostat,KCL-22,-4.130691,Panobinostat,GDSC1,0.22760416895392516
Panobinostat,KOPN-8,-4.93274,Panobinostat,GDSC1,0.1449809621338097
Panobinostat,L-1236,-4.274824,Panobinostat,GDSC1,0.21275628476155822
Panobinostat,MDA-MB-330,-4.082983,Panobinostat,GDSC1,0.23251881625224993
Panobinostat,ME-1,-4.369431,Panobinostat,GDSC1,0.20301032943011257
Panobinostat,MOLM-13,-3.963123,Panobinostat,GDSC1,0.24486621344301882
Panobinostat,MOLP-8,-4.839676,Panobinostat,GDSC1,0.1545679650719185
Panobinostat,MY-M12,-5.607317,Panobinostat,GDSC1,0.07548930390957027
Panobinostat,NCI-H1341,-3.481735,Panobinostat,GDSC1,0.2944564757396138
Panobinostat,NCI-H1876,-3.077336,Panobinostat,GDSC1,0.33611570381027767
Panobinostat,NCI-H2066,-2.21456,Panobinostat,GDSC1,0.42499471230905006
Panobinostat,NK-92MI,-5.167729,Panobinostat,GDSC1,0.12077353247869878
Panobinostat,NU-DUL-1,-4.633722,Panobinostat,GDSC1,0.17578434952901537
Panobinostat,OCI-AML5,-3.98898,Panobinostat,GDSC1,0.24220255042648522
Panobinostat,OCI-LY-19,-3.968813,Panobinostat,GDSC1,0.24428005717724646
Panobinostat,OCI-M1,-3.25043,Panobinostat,GDSC1,0.31828439754180643
Panobinostat,P32-ISH,-4.285466,Panobinostat,GDSC1,0.21165999741879024
Panobinostat,PL-21,-2.629263,Panobinostat,GDSC1,0.3822740160200174
Panobinostat,PWR-1E,-3.660653,Panobinostat,GDSC1,0.27602520917380374
Panobinostat,RCH-ACV,-5.929531,Panobinostat,GDSC1,0.042296376841103565
Panobinostat,RC-K8,-3.512135,Panobinostat,GDSC1,0.29132481484691086
Panobinostat,ROS-50,-3.33154,Panobinostat,GDSC1,0.3099288378376243
Panobinostat,SC-1,-4.181096,Panobinostat,GDSC1,0.22241168976653392
Panobinostat,SLVL,-1.169896,Panobinostat,GDSC1,0.5326109424016366
Panobinostat,SU-DHL-10,-6.021169,Panobinostat,GDSC1,0.03285627352250111
Panobinostat,SU-DHL-16,-6.159683,Panobinostat,GDSC1,0.018587231519479535
Panobinostat,SU-DHL-4,-3.920659,Panobinostat,GDSC1,0.24924064923735229
Panobinostat,SU-DHL-5,-4.561327,Panobinostat,GDSC1,0.18324213210556892
Panobinostat,SU-DHL-6,-4.888585,Panobinostat,GDSC1,0.1495295965652998
Panobinostat,SU-DHL-8,-4.623602,Panobinostat,GDSC1,0.1768268629577704
Panobinostat,SUP-HD1,-4.283481,Panobinostat,GDSC1,0.21186448251326445
Panobinostat,SUP-M2,-3.372062,Panobinostat,GDSC1,0.3057544574858444
Panobinostat,TK,-3.902806,Panobinostat,GDSC1,0.25107977890568867
Panobinostat,VAL,-3.203443,Panobinostat,GDSC1,0.3231247709090904
Panobinostat,WIL2-NS,-4.523113,Panobinostat,GDSC1,0.18717875346588966
Panobinostat,WSU-DLCL2,-0.983327,Panobinostat,GDSC1,0.5518303779638307
Panobinostat,DOV13,-2.339998,Panobinostat,GDSC1,0.41207269655053447
Panobinostat,Hey,-4.01681,Panobinostat,GDSC1,0.2393356384974088
Panobinostat,JHOS-2,-1.71652,Panobinostat,GDSC1,0.47630038306568745
Panobinostat,JHOS-3,-1.089953,Panobinostat,GDSC1,0.540846283412997
Panobinostat,JHOS-4,-1.463625,Panobinostat,GDSC1,0.5023524021926649
Panobinostat,OV-7,-2.559755,Panobinostat,GDSC1,0.3894343938269252
Panobinostat,OV-17R,0.390505,Panobinostat,GDSC1,0.69335590255409
Panobinostat,OV-56,0.365895,Panobinostat,GDSC1,0.6908206994432537
Panobinostat,OVCA420,-3.212401,Panobinostat,GDSC1,0.32220196109735255
Panobinostat,OVCA433,-2.608106,Panobinostat,GDSC1,0.3844535077801134
Panobinostat,OVK-18,-0.676705,Panobinostat,GDSC1,0.5834170926428558
Panobinostat,PEO1,1.052107,Panobinostat,GDSC1,0.7615109390650787
Panobinostat,UWB1.289,-2.367969,Panobinostat,GDSC1,0.40919125948376495
Panobinostat,FLO-1,-3.431188,Panobinostat,GDSC1,0.2996635830798591
Panobinostat,OACp4C,-3.113607,Panobinostat,GDSC1,0.33237924090767146
Panobinostat,OACM5-1,-1.063133,Panobinostat,GDSC1,0.5436091500295198
Panobinostat,SK-GT-4,-2.731038,Panobinostat,GDSC1,0.3717896480149239
Panobinostat,ESO26,-3.801256,Panobinostat,GDSC1,0.26154096849956976
Panobinostat,KYAE-1,-3.263632,Panobinostat,GDSC1,0.31692439138702144
Panobinostat,EMC-BAC-1,-0.616309,Panobinostat,GDSC1,0.5896387963032402
Panobinostat,EMC-BAC-2,-3.248893,Panobinostat,GDSC1,0.31844273184417765
Panobinostat,TE-4,-3.972799,Panobinostat,GDSC1,0.24386943874572295
Panobinostat,NCC021,-2.763099,Panobinostat,GDSC1,0.3684868789398927
Panobinostat,RCC-FG2,-2.06195,Panobinostat,GDSC1,0.4407158560207407
Panobinostat,RCC-JF,-2.666671,Panobinostat,GDSC1,0.3784204248794177
Panobinostat,RCC-JW,-2.2369,Panobinostat,GDSC1,0.4226933536135572
Panobinostat,RCC-ER,-2.926067,Panobinostat,GDSC1,0.3516987041911422
Panobinostat,RCC-AB,-3.693323,Panobinostat,GDSC1,0.2726597038657575
Panobinostat,RCC-MF,-1.834269,Panobinostat,GDSC1,0.4641704508796717
Panobinostat,KMS-11,-1.834552,Panobinostat,GDSC1,0.46414129758912454
Panobinostat,SNU-1040,-3.008314,Panobinostat,GDSC1,0.3432260162489666
Panobinostat,SNU-175,-3.164185,Panobinostat,GDSC1,0.3271689400974369
Panobinostat,SNU-407,-3.204874,Panobinostat,GDSC1,0.3229773562137794
Panobinostat,SNU-61,-4.336878,Panobinostat,GDSC1,0.20636378196432836
Panobinostat,SNU-81,-2.252963,Panobinostat,GDSC1,0.4210386210833108
Panobinostat,SNU-C5,-2.811389,Panobinostat,GDSC1,0.3635122768178984
Quizartinib,PFSK-1,2.390968,Quizartinib,GDSC1,0.8350881818464898
Quizartinib,A673,2.267062,Quizartinib,GDSC1,0.8240338760826527
Quizartinib,ES5,1.078549,Quizartinib,GDSC1,0.7180003820928914
Quizartinib,ES7,-0.042385,Quizartinib,GDSC1,0.6179959660268333
Quizartinib,EW-11,1.726487,Quizartinib,GDSC1,0.7758063379627371
Quizartinib,SK-ES-1,0.821386,Quizartinib,GDSC1,0.6950575186871996
Quizartinib,COLO-829,2.573213,Quizartinib,GDSC1,0.8513472165496558
Quizartinib,5637,1.899355,Quizartinib,GDSC1,0.7912288011911763
Quizartinib,RT4,1.756565,Quizartinib,GDSC1,0.7784897544943392
Quizartinib,SW780,2.799893,Quizartinib,GDSC1,0.8715705312442356
Quizartinib,TCCSUP,2.919968,Quizartinib,GDSC1,0.8822830533544864
Quizartinib,C-33-A,1.41284,Quizartinib,GDSC1,0.7478242399213976
Quizartinib,C-4-I,2.676391,Quizartinib,GDSC1,0.8605522684446503
Quizartinib,ME-180,2.172872,Quizartinib,GDSC1,0.8156306909270039
Quizartinib,42-MG-BA,1.867932,Quizartinib,GDSC1,0.7884253901374982
Quizartinib,8-MG-BA,2.076846,Quizartinib,GDSC1,0.8070637065575769
Quizartinib,A172,2.543489,Quizartinib,GDSC1,0.8486953822194031
Quizartinib,GB-1,1.186023,Quizartinib,GDSC1,0.727588702736465
Quizartinib,T98G,1.936424,Quizartinib,GDSC1,0.7945359215918001
Quizartinib,U-118-MG,1.751947,Quizartinib,GDSC1,0.7780777584326684
Quizartinib,U-87-MG,3.10375,Quizartinib,GDSC1,0.8986792119092741
Quizartinib,YKG-1,2.373678,Quizartinib,GDSC1,0.8335456500348202
Quizartinib,ChaGo-K-1,2.415908,Quizartinib,GDSC1,0.8373132103822355
Quizartinib,NCI-H720,2.995918,Quizartinib,GDSC1,0.8890589522033189
Quizartinib,Calu-3,2.990367,Quizartinib,GDSC1,0.8885637183058881
Quizartinib,COR-L23,2.489433,Quizartinib,GDSC1,0.8438727622302987
Quizartinib,LK-2,1.827761,Quizartinib,GDSC1,0.784841524006406
Quizartinib,NCI-H1437,0.468627,Quizartinib,GDSC1,0.6635860334730419
Quizartinib,NCI-H1623,2.461389,Quizartinib,GDSC1,0.8413708095335685
Quizartinib,NCI-H1648,2.004364,Quizartinib,GDSC1,0.8005972062236588
Quizartinib,NCI-H1650,2.873651,Quizartinib,GDSC1,0.8781508702474243
Quizartinib,NCI-H1693,3.422248,Quizartinib,GDSC1,0.9270940931674101
Quizartinib,NCI-H1770,2.601638,Quizartinib,GDSC1,0.8538831602597028
Quizartinib,NCI-H1838,2.229004,Quizartinib,GDSC1,0.8206385217918184
Quizartinib,NCI-H2085,2.156034,Quizartinib,GDSC1,0.8141284844119725
Quizartinib,NCI-H2170,2.684799,Quizartinib,GDSC1,0.8613023903343276
Quizartinib,NCI-H2228,1.595876,Quizartinib,GDSC1,0.7641538438936805
Quizartinib,NCI-H2342,2.730937,Quizartinib,GDSC1,0.8654186039101989
Quizartinib,NCI-H2347,2.953706,Quizartinib,GDSC1,0.8852929977305484
Quizartinib,NCI-H2405,2.535614,Quizartinib,GDSC1,0.8479928120622661
Quizartinib,NCI-H661,2.460962,Quizartinib,GDSC1,0.8413327146183814
Quizartinib,COR-L311,1.161991,Quizartinib,GDSC1,0.725444681655028
Quizartinib,DMS-114,2.393416,Quizartinib,GDSC1,0.8353065807981942
Quizartinib,DMS-273,1.83859,Quizartinib,GDSC1,0.7858076360358202
Quizartinib,NCI-H1048,1.848602,Quizartinib,GDSC1,0.7867008591994082
Quizartinib,NCI-H1092,2.520217,Quizartinib,GDSC1,0.8466191647340834
Quizartinib,NCI-H1694,0.760418,Quizartinib,GDSC1,0.6896182428344595
Quizartinib,NCI-H187,2.400983,Quizartinib,GDSC1,0.8359816726558519
Quizartinib,NCI-H2029,2.253128,Quizartinib,GDSC1,0.8227907506769958
Quizartinib,NCI-H209,1.224012,Quizartinib,GDSC1,0.730977901174494
Quizartinib,NCI-H2141,2.389877,Quizartinib,GDSC1,0.834990847999958
Quizartinib,NCI-H2171,1.9758,Quizartinib,GDSC1,0.7980488615927431
Quizartinib,NCI-H2227,2.535669,Quizartinib,GDSC1,0.8479977189014588
Quizartinib,NCI-H345,3.496663,Quizartinib,GDSC1,0.9337330465951371
Quizartinib,NCI-H446,0.927008,Quizartinib,GDSC1,0.7044806126728662
Quizartinib,NCI-H526,1.965443,Quizartinib,GDSC1,0.7971248591651281
Quizartinib,NCI-H64,1.707734,Quizartinib,GDSC1,0.7741332842285414
Quizartinib,NCI-H69,0.723398,Quizartinib,GDSC1,0.6863154939814803
Quizartinib,NCI-H82,2.618789,Quizartinib,GDSC1,0.8554132911505037
Quizartinib,NCI-H2052,2.701526,Quizartinib,GDSC1,0.8627946939557156
Quizartinib,SK-N-DZ,2.964372,Quizartinib,GDSC1,0.8862445676729006
Quizartinib,SK-N-FI,1.998696,Quizartinib,GDSC1,0.8000915341410363
Quizartinib,VA-ES-BJ,2.607743,Quizartinib,GDSC1,0.8544278194100928
Quizartinib,LU-139,1.676506,Quizartinib,GDSC1,0.771347270150183
Quizartinib,SBC-5,1.463923,Quizartinib,GDSC1,0.7523816229483219
Quizartinib,SBC-1,2.696546,Quizartinib,GDSC1,0.8623504019706308
Quizartinib,LU-135,1.505055,Quizartinib,GDSC1,0.7560512249423992
Quizartinib,SK-N-SH,2.410884,Quizartinib,GDSC1,0.8368649929257965
Quizartinib,NCI-H2030,1.7421,Quizartinib,GDSC1,0.7771992557866584
Quizartinib,NCI-H2122,2.472061,Quizartinib,GDSC1,0.8423229147674689
Quizartinib,NCI-H1734,2.693981,Quizartinib,GDSC1,0.8621215648337348
Quizartinib,NCI-H650,3.161636,Quizartinib,GDSC1,0.9038435263367068
Quizartinib,T24,2.300167,Quizartinib,GDSC1,0.8269873472003696
Quizartinib,SK-N-AS,2.276119,Quizartinib,GDSC1,0.8248418986748037
Quizartinib,NCI-H1299,3.029095,Quizartinib,GDSC1,0.8920188468196154
Quizartinib,NCI-H2087,2.702347,Quizartinib,GDSC1,0.8628679396825739
Quizartinib,UM-UC-3,2.278282,Quizartinib,GDSC1,0.825034871277964
Quizartinib,SW756,3.028216,Quizartinib,GDSC1,0.89194042660779
Quizartinib,NCI-H727,2.914167,Quizartinib,GDSC1,0.8817655156425434
Quizartinib,Calu-6,2.879655,Quizartinib,GDSC1,0.8786865186567514
Quizartinib,LU-65,2.985034,Quizartinib,GDSC1,0.888087933334712
Quizartinib,NCI-H1355,3.067025,Quizartinib,GDSC1,0.8954027815574193
Quizartinib,NCI-H1792,1.800289,Quizartinib,GDSC1,0.78239060243728
Quizartinib,HPAF-II,2.567724,Quizartinib,GDSC1,0.8508575139982242
Quizartinib,MIA-PaCa-2,2.854465,Quizartinib,GDSC1,0.8764391863064934
Quizartinib,SHP-77,1.614082,Quizartinib,GDSC1,0.7657780968817233
Quizartinib,NCI-H2009,2.820635,Quizartinib,GDSC1,0.8734210341266909
Quizartinib,NCI-H2291,2.209242,Quizartinib,GDSC1,0.8188754498622512
Quizartinib,SW1573,3.235064,Quizartinib,GDSC1,0.9103944243047393
Quizartinib,TE-5,2.777017,Quizartinib,GDSC1,0.8695296430011034
Quizartinib,HCC1954,2.060144,Quizartinib,GDSC1,0.8055736333176401
Quizartinib,HCC1187,1.797024,Quizartinib,GDSC1,0.7820993146197495
Quizartinib,HCC1395,3.098047,Quizartinib,GDSC1,0.8981704172926198
Quizartinib,HCC1599,2.096943,Quizartinib,GDSC1,0.8088566655985905
Quizartinib,HCC1937,2.146978,Quizartinib,GDSC1,0.8133205510350793
Quizartinib,HCC2157,-1.52775,Quizartinib,GDSC1,0.4854787442546678
Quizartinib,HCC2218,2.671314,Quizartinib,GDSC1,0.8600993225795348
Quizartinib,HCC38,2.257067,Quizartinib,GDSC1,0.8231421695784514
Quizartinib,BB30-HNC,2.296281,Quizartinib,GDSC1,0.8266406567075905
Quizartinib,BB49-HNC,3.182744,Quizartinib,GDSC1,0.9057266820036082
Quizartinib,BB65-RCC,2.979663,Quizartinib,GDSC1,0.88760875818373
Quizartinib,BEN,2.701493,Quizartinib,GDSC1,0.8627917498522
Quizartinib,BHY,2.402728,Quizartinib,GDSC1,0.8361373532811478
Quizartinib,Ca9-22,2.259516,Quizartinib,GDSC1,0.8233606577454139
Quizartinib,CADO-ES1,1.127119,Quizartinib,GDSC1,0.7223335671763382
Quizartinib,CAL-12T,1.944346,Quizartinib,GDSC1,0.7952426848660654
Quizartinib,CAL-33,2.485741,Quizartinib,GDSC1,0.8435433794975812
Quizartinib,CP50-MEL-B,2.335814,Quizartinib,GDSC1,0.8301676035040473
Quizartinib,CP66-MEL,2.152185,Quizartinib,GDSC1,0.8137850948837413
Quizartinib,CPC-N,2.310162,Quizartinib,GDSC1,0.8278790537045708
Quizartinib,CTV-1,1.308353,Quizartinib,GDSC1,0.7385024052536167
Quizartinib,D-542MG,3.064707,Quizartinib,GDSC1,0.8951959805892613
Quizartinib,DMS-79,1.46945,Quizartinib,GDSC1,0.7528747156795594
Quizartinib,DSH1,1.084233,Quizartinib,GDSC1,0.7185074816196427
Quizartinib,EBC-1,3.254932,Quizartinib,GDSC1,0.9121669530516595
Quizartinib,EC-GI-10,2.675637,Quizartinib,GDSC1,0.8604850001400813
Quizartinib,EPLC-272H,2.544187,Quizartinib,GDSC1,0.8487576544695214
Quizartinib,HA7-RCC,2.847717,Quizartinib,GDSC1,0.8758371617451779
Quizartinib,HCE-4,2.503673,Quizartinib,GDSC1,0.8451431875049185
Quizartinib,HO-1-u-1,2.267225,Quizartinib,GDSC1,0.8240484181697145
Quizartinib,HSC-2,2.316542,Quizartinib,GDSC1,0.8284482470509243
Quizartinib,IST-SL1,-0.079951,Quizartinib,GDSC1,0.6146445056429591
Quizartinib,IST-SL2,2.08769,Quizartinib,GDSC1,0.8080311568158617
Quizartinib,J82,2.697301,Quizartinib,GDSC1,0.862417759490458
Quizartinib,KOSC-2,2.801725,Quizartinib,GDSC1,0.8717339735969817
Quizartinib,KP-4,2.374111,Quizartinib,GDSC1,0.8335842802415554
Quizartinib,KYSE-140,3.163943,Quizartinib,GDSC1,0.9040493459370262
Quizartinib,KYSE-410,2.623567,Quizartinib,GDSC1,0.8558395616534624
Quizartinib,KYSE-520,2.992151,Quizartinib,GDSC1,0.8887228783262476
Quizartinib,KYSE-70,2.709241,Quizartinib,GDSC1,0.8634829896715647
Quizartinib,LB1047-RCC,2.554323,Quizartinib,GDSC1,0.8496619403251074
Quizartinib,LB2241-RCC,2.738841,Quizartinib,GDSC1,0.8661237613098193
Quizartinib,LB2518-MEL,2.694784,Quizartinib,GDSC1,0.8621932046859482
Quizartinib,LB373-MEL-D,2.97297,Quizartinib,GDSC1,0.8870116404616071
Quizartinib,LB771-HNC,2.915264,Quizartinib,GDSC1,0.8818633847806232
Quizartinib,LB831-BLC,2.582706,Quizartinib,GDSC1,0.8521941369943165
Quizartinib,LB996-RCC,2.787922,Quizartinib,GDSC1,0.8705025353901293
Quizartinib,LCLC-103H,2.595351,Quizartinib,GDSC1,0.8533222639323478
Quizartinib,LU-134-A,1.526581,Quizartinib,GDSC1,0.757971672587165
Quizartinib,LU-165,0.966107,Quizartinib,GDSC1,0.7079688400473297
Quizartinib,LXF-289,2.813225,Quizartinib,GDSC1,0.8727599490645468
Quizartinib,MS-1,1.5067,Quizartinib,GDSC1,0.7561979840418901
Quizartinib,MZ1-PC,2.294219,Quizartinib,GDSC1,0.8264566948454933
Quizartinib,MZ7-mel,1.96321,Quizartinib,GDSC1,0.7969256414939043
Quizartinib,NCI-H1304,2.294689,Quizartinib,GDSC1,0.8264986260167764
Quizartinib,NCI-H1563,-0.108093,Quizartinib,GDSC1,0.6121338098509401
Quizartinib,NCI-H292,2.736519,Quizartinib,GDSC1,0.8659166034806293
Quizartinib,NCI-H510A,2.540647,Quizartinib,GDSC1,0.8484418324560273
Quizartinib,PC-14,2.460669,Quizartinib,GDSC1,0.8413065745477731
Quizartinib,SBC-3,1.300005,Quizartinib,GDSC1,0.7377576362794225
Quizartinib,SK-MM-2,1.5955,Quizartinib,GDSC1,0.764120298956654
Quizartinib,TE-15,2.330476,Quizartinib,GDSC1,0.829691372456581
Quizartinib,U-266,2.376845,Quizartinib,GDSC1,0.8338281947570617
Quizartinib,BE2-M17,2.722588,Quizartinib,GDSC1,0.8646737457207466
Quizartinib,KELLY,2.293246,Quizartinib,GDSC1,0.8263698883994113
Quizartinib,SIMA,1.923635,Quizartinib,GDSC1,0.7933949476566096
Quizartinib,TE-1,2.898637,Quizartinib,GDSC1,0.8803800026850401
Quizartinib,TE-10,2.964895,Quizartinib,GDSC1,0.8862912272528602
Quizartinib,TE-8,2.808449,Quizartinib,GDSC1,0.8723338569921041
Quizartinib,CAPAN-1,3.134726,Quizartinib,GDSC1,0.9014427437426044
Quizartinib,OVCAR-3,2.96454,Quizartinib,GDSC1,0.8862595558362529
Quizartinib,PC-3,2.945202,Quizartinib,GDSC1,0.8845343111760986
Quizartinib,DU-145,2.800828,Quizartinib,GDSC1,0.8716539475105115
Quizartinib,HCT-116,2.16828,Quizartinib,GDSC1,0.8152210144620422
Quizartinib,HCT-15,2.29189,Quizartinib,GDSC1,0.8262489125094967
Quizartinib,HL-60,1.636736,Quizartinib,GDSC1,0.7677991793375685
Quizartinib,HT-29,2.835259,Quizartinib,GDSC1,0.8747257180604016
Quizartinib,K-562,1.155318,Quizartinib,GDSC1,0.7248493482380661
Quizartinib,NCI-H226,2.75477,Quizartinib,GDSC1,0.8675448711552841
Quizartinib,NCI-H23,1.518969,Quizartinib,GDSC1,0.757292566042895
Quizartinib,NCI-H460,2.299872,Quizartinib,GDSC1,0.826961028699245
Quizartinib,NCI-H522,2.549696,Quizartinib,GDSC1,0.8492491413261142
Quizartinib,T47D,1.986275,Quizartinib,GDSC1,0.7989833914208079
Quizartinib,MCF7,2.586565,Quizartinib,GDSC1,0.8525384186751279
Quizartinib,786-0,2.124909,Quizartinib,GDSC1,0.8113516595051927
Quizartinib,A498,4.239439,Quizartinib,GDSC1,0.9999999991078473
Quizartinib,A549,2.985946,Quizartinib,GDSC1,0.8881692976500529
Quizartinib,ACHN,2.770195,Quizartinib,GDSC1,0.8689210165106922
Quizartinib,BT-549,0.402686,Quizartinib,GDSC1,0.6577030901420234
Quizartinib,CCRF-CEM,1.909321,Quizartinib,GDSC1,0.7921179204528941
Quizartinib,SK-MEL-28,2.108436,Quizartinib,GDSC1,0.8098820165593493
Quizartinib,SK-MEL-2,2.042971,Quizartinib,GDSC1,0.8040415396911622
Quizartinib,SK-MEL-5,2.577931,Quizartinib,GDSC1,0.8517681341371317
Quizartinib,Hs-578-T,2.782831,Quizartinib,GDSC1,0.8700483405114012
Quizartinib,MOLT-4,1.103022,Quizartinib,GDSC1,0.7201837471031282
Quizartinib,SK-OV-3,2.705184,Quizartinib,GDSC1,0.8631210433696593
Quizartinib,MDA-MB-231,2.738654,Quizartinib,GDSC1,0.8661070780565641
Quizartinib,COLO-205,2.364049,Quizartinib,GDSC1,0.8326865963150649
Quizartinib,SW620,2.667545,Quizartinib,GDSC1,0.8597630702719475
Quizartinib,CAKI-1,3.344323,Quizartinib,GDSC1,0.9201419941839306
Quizartinib,RPMI-8226,1.502446,Quizartinib,GDSC1,0.7558184623341491
Quizartinib,SR,1.70227,Quizartinib,GDSC1,0.773645812058561
Quizartinib,NCI-H322M,2.908454,Quizartinib,GDSC1,0.8812558288733087
Quizartinib,IGROV-1,2.194329,Quizartinib,GDSC1,0.8175449827189644
Quizartinib,OVCAR-5,3.032184,Quizartinib,GDSC1,0.8922944327517291
Quizartinib,EKVX,4.199053,Quizartinib,GDSC1,0.9963969516962746
Quizartinib,HCC2998,2.572857,Quizartinib,GDSC1,0.8513154559177903
Quizartinib,HOP-62,2.445508,Quizartinib,GDSC1,0.83995398202049
Quizartinib,HOP-92,3.133406,Quizartinib,GDSC1,0.9013249796019794
Quizartinib,LOXIMVI,2.479558,Quizartinib,GDSC1,0.8429917615570633
Quizartinib,M14,2.877176,Quizartinib,GDSC1,0.8784653540320475
Quizartinib,UACC-62,2.293446,Quizartinib,GDSC1,0.8263877314510213
Quizartinib,UACC-257,2.37705,Quizartinib,GDSC1,0.8338464838849617
Quizartinib,RXF393,1.7468,Quizartinib,GDSC1,0.7776185674994893
Quizartinib,SN12C,3.015834,Quizartinib,GDSC1,0.8908357632826257
Quizartinib,TK10,2.901881,Quizartinib,GDSC1,0.8806694169821516
Quizartinib,U031,2.417423,Quizartinib,GDSC1,0.8374483714981799
Quizartinib,SNB75,2.642903,Quizartinib,GDSC1,0.8575646278831006
Quizartinib,U251,2.164754,Quizartinib,GDSC1,0.8149064414621608
Quizartinib,SF539,1.581325,Quizartinib,GDSC1,0.7628556726738075
Quizartinib,SF295,2.27729,Quizartinib,GDSC1,0.8249463697419792
Quizartinib,SF268,2.717477,Quizartinib,GDSC1,0.8642177665368574
Quizartinib,KM12,1.240352,Quizartinib,GDSC1,0.732435678491017
Quizartinib,OVCAR-4,2.551225,Quizartinib,GDSC1,0.8493855514556713
Quizartinib,OVCAR-8,1.234793,Quizartinib,GDSC1,0.7319397308715218
Quizartinib,BxPC-3,2.61697,Quizartinib,GDSC1,0.8552510085961121
Quizartinib,BHT-101,2.309878,Quizartinib,GDSC1,0.8278537165712848
Quizartinib,Becker,2.270366,Quizartinib,GDSC1,0.824328643295247
Quizartinib,BE-13,0.891473,Quizartinib,GDSC1,0.7013103484780899
Quizartinib,ARH-77,1.508018,Quizartinib,GDSC1,0.756315569751999
Quizartinib,AGS,2.326505,Quizartinib,GDSC1,0.8293370986668679
Quizartinib,ABC-1,2.999972,Quizartinib,GDSC1,0.8894206308594501
Quizartinib,A2058,2.602011,Quizartinib,GDSC1,0.853916437550955
Quizartinib,A375,2.13676,Quizartinib,GDSC1,0.8124089495283332
Quizartinib,A253,2.671259,Quizartinib,GDSC1,0.8600944157403422
Quizartinib,8305C,2.755591,Quizartinib,GDSC1,0.8676181168821424
Quizartinib,647-V,2.642236,Quizartinib,GDSC1,0.8575051213059818
Quizartinib,639-V,2.174936,Quizartinib,GDSC1,0.8158148312196173
Quizartinib,697,0.534626,Quizartinib,GDSC1,0.6694741512890274
Quizartinib,BT-20,2.308702,Quizartinib,GDSC1,0.8277487994278189
Quizartinib,A2780,1.473671,Quizartinib,GDSC1,0.753251293283785
Quizartinib,COR-L105,3.012649,Quizartinib,GDSC1,0.8905516126857391
Quizartinib,COR-L88,2.932663,Quizartinib,GDSC1,0.8834156410554204
Quizartinib,COLO-824,2.577099,Quizartinib,GDSC1,0.8516939070424348
Quizartinib,COLO-800,1.74474,Quizartinib,GDSC1,0.777434784067908
Quizartinib,COLO-792,2.32175,Quizartinib,GDSC1,0.8289128801148442
Quizartinib,COLO-680N,2.534116,Quizartinib,GDSC1,0.8478591676057085
Quizartinib,COLO-679,2.265337,Quizartinib,GDSC1,0.8238799797625178
Quizartinib,CHP-212,2.179205,Quizartinib,GDSC1,0.8161956911562291
Quizartinib,CFPAC-1,2.783447,Quizartinib,GDSC1,0.8701032971103594
Quizartinib,Ca-Ski,1.601817,Quizartinib,GDSC1,0.7646838717417505
Quizartinib,Caov-3,2.183452,Quizartinib,GDSC1,0.8165745883571638
Quizartinib,CAL-120,2.710494,Quizartinib,GDSC1,0.8635947763899002
Quizartinib,CAL-72,3.351054,Quizartinib,GDSC1,0.9207425020858594
Quizartinib,CAL-62,2.025623,Quizartinib,GDSC1,0.8024938333945256
Quizartinib,C32,3.896933,Quizartinib,GDSC1,0.9694432379344675
Quizartinib,Daudi,2.224101,Quizartinib,GDSC1,0.8202010993816035
Quizartinib,DB,2.863161,Quizartinib,GDSC1,0.8772150021904889
Quizartinib,Daoy,1.416701,Quizartinib,GDSC1,0.7481687000327253
Quizartinib,D-283MED,2.618671,Quizartinib,GDSC1,0.8554027637500538
Quizartinib,DBTRG-05MG,3.222708,Quizartinib,GDSC1,0.9092920805762841
Quizartinib,DEL,1.893829,Quizartinib,GDSC1,0.7907357976751967
Quizartinib,Detroit562,2.44409,Quizartinib,GDSC1,0.8398274747845763
Quizartinib,DG-75,2.627173,Quizartinib,GDSC1,0.8561612718739876
Quizartinib,DK-MG,-0.549885,Quizartinib,GDSC1,0.5727192225668931
Quizartinib,DJM-1,2.599785,Quizartinib,GDSC1,0.8537178443865376
Quizartinib,DoTc2-4510,1.970221,Quizartinib,GDSC1,0.7975511296680869
Quizartinib,DU-4475,1.93215,Quizartinib,GDSC1,0.794154615578898
Quizartinib,EB2,0.461861,Quizartinib,GDSC1,0.6629824030370814
Quizartinib,EB-3,2.788699,Quizartinib,GDSC1,0.8705718556456336
Quizartinib,ECC10,1.936832,Quizartinib,GDSC1,0.7945723214170841
Quizartinib,EFM-19,2.157374,Quizartinib,GDSC1,0.8142480328577583
Quizartinib,EFO-27,3.051889,Quizartinib,GDSC1,0.8940524194115875
Quizartinib,EM-2,2.455989,Quizartinib,GDSC1,0.840889047140103
Quizartinib,EoL-1-cell,-4.609961,Quizartinib,GDSC1,0.21049849452776043
Quizartinib,ETK-1,2.572751,Quizartinib,GDSC1,0.8513059991004371
Quizartinib,EVSA-T,1.891157,Quizartinib,GDSC1,0.7904974145056896
Quizartinib,FADU,2.500357,Quizartinib,GDSC1,0.8448473497092275
Quizartinib,FTC-133,2.708962,Quizartinib,GDSC1,0.863458098614569
Quizartinib,G-361,1.056628,Quizartinib,GDSC1,0.7160446944211961
Quizartinib,GAMG,2.508173,Quizartinib,GDSC1,0.8455446561661396
Quizartinib,GCIY,2.780244,Quizartinib,GDSC1,0.869817540638828
Quizartinib,GDM-1,-1.6364,Quizartinib,GDSC1,0.4757855064676284
Quizartinib,GI-1,2.127952,Quizartinib,GDSC1,0.8116231415354364
Quizartinib,GI-ME-N,1.630637,Quizartinib,GDSC1,0.7672550554787266
Quizartinib,GOTO,3.235599,Quizartinib,GDSC1,0.9104421544677955
Quizartinib,GR-ST,1.783525,Quizartinib,GDSC1,0.7808949978513441
Quizartinib,GCT,2.715297,Quizartinib,GDSC1,0.8640232772743104
Quizartinib,ESS-1,1.294131,Quizartinib,GDSC1,0.7372335858536417
Quizartinib,H4,2.271666,Quizartinib,GDSC1,0.824444623130711
Quizartinib,H9,1.953361,Quizartinib,GDSC1,0.7960469604173784
Quizartinib,HC-1,0.665023,Quizartinib,GDSC1,0.6811075532928614
Quizartinib,HCC1419,1.22495,Quizartinib,GDSC1,0.7310615850865441
Quizartinib,HCC1569,0.513773,Quizartinib,GDSC1,0.6676137455129285
Quizartinib,HCC1806,2.304844,Quizartinib,GDSC1,0.8274046069622654
Quizartinib,HCC70,2.421637,Quizartinib,GDSC1,0.8378243245955989
Quizartinib,HEC-1,2.534904,Quizartinib,GDSC1,0.8479294692290512
Quizartinib,HEL,1.016312,Quizartinib,GDSC1,0.7124478920776869
Quizartinib,HGC-27,0.555846,Quizartinib,GDSC1,0.6713672990648302
Quizartinib,HH,1.807721,Quizartinib,GDSC1,0.7830536502351012
Quizartinib,HLE,2.633735,Quizartinib,GDSC1,0.8567467023973061
Quizartinib,HMV-II,2.024108,Quizartinib,GDSC1,0.8023586722785813
Quizartinib,HOS,2.340245,Quizartinib,GDSC1,0.8305629163124632
Quizartinib,HSC-3,2.037687,Quizartinib,GDSC1,0.8035701262676305
Quizartinib,HSC-4,3.083173,Quizartinib,GDSC1,0.8968434295443968
Quizartinib,HT,2.425301,Quizartinib,GDSC1,0.838151209301091
Quizartinib,HT-1080,2.525289,Quizartinib,GDSC1,0.8470716645229087
Quizartinib,HT-1197,3.150674,Quizartinib,GDSC1,0.902865548677972
Quizartinib,HT-1376,3.112919,Quizartinib,GDSC1,0.8994972266103267
Quizartinib,HT-144,2.377572,Quizartinib,GDSC1,0.8338930542496634
Quizartinib,HT-3,1.880237,Quizartinib,GDSC1,0.7895231838877929
Quizartinib,HuCCT1,2.480125,Quizartinib,GDSC1,0.8430423466083772
Quizartinib,HuH-7,2.701247,Quizartinib,GDSC1,0.8627698028987197
Quizartinib,HuO9,-0.362319,Quizartinib,GDSC1,0.5894529716581387
Quizartinib,HuTu-80,1.73705,Quizartinib,GDSC1,0.7767487187335101
Quizartinib,IGR-1,1.944277,Quizartinib,GDSC1,0.79523652901326
Quizartinib,IMR-5,1.228234,Quizartinib,GDSC1,0.7313545679939774
Quizartinib,IPC-298,2.282238,Quizartinib,GDSC1,0.8253878068388065
Quizartinib,IST-MEL1,2.055631,Quizartinib,GDSC1,0.8051710048580644
Quizartinib,IST-MES1,1.805987,Quizartinib,GDSC1,0.7828989509776441
Quizartinib,JAR,2.436414,Quizartinib,GDSC1,0.8391426584637911
Quizartinib,JEG-3,2.395989,Quizartinib,GDSC1,0.8355361316571545
Quizartinib,JiyoyeP-2003,2.137392,Quizartinib,GDSC1,0.8124653335714204
Quizartinib,JVM-2,3.465797,Quizartinib,GDSC1,0.9309793284401922
Quizartinib,JVM-3,2.649074,Quizartinib,GDSC1,0.8581151752405218
Quizartinib,KALS-1,3.241618,Quizartinib,GDSC1,0.9109791411059933
Quizartinib,KARPAS-45,0.767893,Quizartinib,GDSC1,0.6902851268883768
Quizartinib,KARPAS-299,1.87111,Quizartinib,GDSC1,0.7887089162275784
Quizartinib,KARPAS-422,2.511912,Quizartinib,GDSC1,0.8458782320159853
Quizartinib,KASUMI-1,-4.490179,Quizartinib,GDSC1,0.22118487656740288
Quizartinib,KE-37,0.823347,Quizartinib,GDSC1,0.695232469808234
Quizartinib,KG-1,0.64097,Quizartinib,GDSC1,0.6789616586910054
Quizartinib,KINGS-1,3.123817,Quizartinib,GDSC1,0.9004694944925462
Quizartinib,KMOE-2,-0.08961,Quizartinib,GDSC1,0.6137827754654624
Quizartinib,KMS-12-BM,1.261538,Quizartinib,GDSC1,0.7343257929480461
Quizartinib,KNS-42,2.291752,Quizartinib,GDSC1,0.826236600803886
Quizartinib,HuP-T3,2.685632,Quizartinib,GDSC1,0.8613767066442826
Quizartinib,HuP-T4,1.970843,Quizartinib,GDSC1,0.7976066215585935
Quizartinib,HT55,2.925553,Quizartinib,GDSC1,0.8827813205706909
Quizartinib,HT-115,1.53393,Quizartinib,GDSC1,0.7586273155185683
Quizartinib,H-EMC-SS,2.013724,Quizartinib,GDSC1,0.8014322610389988
Quizartinib,GP5d,0.780652,Quizartinib,GDSC1,0.6914234243658258
Quizartinib,DMS-53,2.99377,Quizartinib,GDSC1,0.8888673178290294
Quizartinib,G-402,-0.259212,Quizartinib,GDSC1,0.5986516892698117
Quizartinib,G-401,2.40944,Quizartinib,GDSC1,0.8367361660931735
Quizartinib,KY821,2.289301,Quizartinib,GDSC1,0.8260179342064076
Quizartinib,KU812,2.271015,Quizartinib,GDSC1,0.8243865439977208
Quizartinib,KU-19-19,2.3724,Quizartinib,GDSC1,0.8334316329350333
Quizartinib,KS-1,2.893602,Quizartinib,GDSC1,0.8799308038607628
Quizartinib,KP-N-YN,2.997037,Quizartinib,GDSC1,0.8891587840770758
Quizartinib,KYSE-150,2.41925,Quizartinib,GDSC1,0.8376113677746357
Quizartinib,KYSE-180,2.473152,Quizartinib,GDSC1,0.8424202486140006
Quizartinib,KYSE-270,1.721552,Quizartinib,GDSC1,0.7753660606642646
Quizartinib,KYSE-450,2.364928,Quizartinib,GDSC1,0.8327650165268901
Quizartinib,KYSE-510,1.959868,Quizartinib,GDSC1,0.7966274841015041
Quizartinib,L-428,1.336748,Quizartinib,GDSC1,0.7410356725059221
Quizartinib,L-540,2.302514,Quizartinib,GDSC1,0.8271967354110108
Quizartinib,LAMA-84,2.099612,Quizartinib,GDSC1,0.8090947811223236
Quizartinib,LC-2-ad,1.822262,Quizartinib,GDSC1,0.7843509293023937
Quizartinib,LC4-1,0.664273,Quizartinib,GDSC1,0.6810406418493246
Quizartinib,LNCaP-Clone-FGC,1.267057,Quizartinib,GDSC1,0.7348181719572193
Quizartinib,LOUCY,0.177501,Quizartinib,GDSC1,0.6376131522582271
Quizartinib,LoVo,2.697588,Quizartinib,GDSC1,0.8624433642695181
Quizartinib,LP-1,0.08216,Quizartinib,GDSC1,0.6291072803405638
Quizartinib,LS-123,2.957307,Quizartinib,GDSC1,0.8856142618747833
Quizartinib,LS-411N,2.364813,Quizartinib,GDSC1,0.8327547567722144
Quizartinib,LS-513,2.245783,Quizartinib,GDSC1,0.8221354646066249
Quizartinib,LU-99A,2.622478,Quizartinib,GDSC1,0.8557424062374469
Quizartinib,MC116,1.1461,Quizartinib,GDSC1,0.7240269619893691
Quizartinib,MC-IXC,1.321033,Quizartinib,GDSC1,0.7396336547256798
Quizartinib,MDA-MB-175-VII,0.789434,Quizartinib,GDSC1,0.6922069127620134
Quizartinib,MDA-MB-361,2.654476,Quizartinib,GDSC1,0.8585971160645034
Quizartinib,MDA-MB-453,1.618528,Quizartinib,GDSC1,0.7661747479190097
Quizartinib,MDA-MB-468,1.755838,Quizartinib,GDSC1,0.7784248950017375
Quizartinib,MEL-HO,0.853974,Quizartinib,GDSC1,0.6979648655165052
Quizartinib,MEL-JUSO,2.271055,Quizartinib,GDSC1,0.8243901126080428
Quizartinib,MEG-01,2.511459,Quizartinib,GDSC1,0.845837817504089
Quizartinib,MES-SA,1.83925,Quizartinib,GDSC1,0.7858665181061327
Quizartinib,Mewo,2.933918,Quizartinib,GDSC1,0.883527606204272
Quizartinib,MFE-280,2.995706,Quizartinib,GDSC1,0.8890400385686126
Quizartinib,MFE-296,3.166829,Quizartinib,GDSC1,0.9043068211717559
Quizartinib,MG-63,3.361335,Quizartinib,GDSC1,0.9216597241538625
Quizartinib,MHH-ES-1,0.973275,Quizartinib,GDSC1,0.7086083350170259
Quizartinib,MHH-NB-11,2.581514,Quizartinib,GDSC1,0.8520877924067217
Quizartinib,MHH-PREB-1,2.172281,Quizartinib,GDSC1,0.8155779647094968
Quizartinib,MKN1,2.366591,Quizartinib,GDSC1,0.8329133815010259
Quizartinib,MKN28,2.721771,Quizartinib,GDSC1,0.8646008568549204
Quizartinib,ML-2,1.547436,Quizartinib,GDSC1,0.75983225679378
Quizartinib,MLMA,2.419201,Quizartinib,GDSC1,0.8376069962269912
Quizartinib,MN-60,2.320239,Quizartinib,GDSC1,0.8287780758599319
Quizartinib,MOG-G-CCM,2.437921,Quizartinib,GDSC1,0.8392771058576712
Quizartinib,MOG-G-UVW,2.363264,Quizartinib,GDSC1,0.8326165623374963
Quizartinib,MOLT-13,0.109055,Quizartinib,GDSC1,0.6315067247057955
Quizartinib,MOLT-16,1.547292,Quizartinib,GDSC1,0.7598194097966209
Quizartinib,MONO-MAC-6,-5.52199,Quizartinib,GDSC1,0.12913159194445856
Quizartinib,Mo-T,-0.806311,Quizartinib,GDSC1,0.5498421108063836
Quizartinib,MPP-89,3.146342,Quizartinib,GDSC1,0.9024790681801031
Quizartinib,MRK-nu-1,2.841242,Quizartinib,GDSC1,0.8752594929493096
Quizartinib,MSTO-211H,2.338929,Quizartinib,GDSC1,0.8304455090328704
Quizartinib,MV-4-11,-6.856579,Quizartinib,GDSC1,0.010065889919910689
Quizartinib,NALM-6,0.175234,Quizartinib,GDSC1,0.6374109012682297
Quizartinib,NAMALWA,1.955589,Quizartinib,GDSC1,0.796245732012312
Quizartinib,NB69,1.189371,Quizartinib,GDSC1,0.7278873954204136
Quizartinib,NCCIT,2.109538,Quizartinib,GDSC1,0.8099803317737194
Quizartinib,NCI-H520,0.789628,Quizartinib,GDSC1,0.6922242205220749
Quizartinib,SNU-1,1.597233,Quizartinib,GDSC1,0.7642749089988532
Quizartinib,SNU-5,3.131355,Quizartinib,GDSC1,0.9011419991077206
Quizartinib,SNU-16,2.512829,Quizartinib,GDSC1,0.8459600424076164
Quizartinib,NH-12,2.022061,Quizartinib,GDSC1,0.8021760486453545
Quizartinib,NKM-1,-5.089317,Quizartinib,GDSC1,0.16773262529035537
Quizartinib,NMC-G1,2.900067,Quizartinib,GDSC1,0.8805075805040504
Quizartinib,no-11,3.168306,Quizartinib,GDSC1,0.9044385921078946
Quizartinib,NOMO-1,2.166619,Quizartinib,GDSC1,0.8150728279184225
Quizartinib,no-10,2.887916,Quizartinib,GDSC1,0.8794235259034953
Quizartinib,NTERA-2-cl-D1,2.147769,Quizartinib,GDSC1,0.8133911203041961
Quizartinib,NUGC-3,2.718486,Quizartinib,GDSC1,0.864307784732229
Quizartinib,NCI-H747,2.65248,Quizartinib,GDSC1,0.8584190424094372
Quizartinib,NCI-H716,1.858895,Quizartinib,GDSC1,0.787619151850508
Quizartinib,NCI-H596,1.813737,Quizartinib,GDSC1,0.7835903692275249
Quizartinib,NCI-H441,3.540976,Quizartinib,GDSC1,0.9376864423250687
Quizartinib,NCI-N87,2.932979,Quizartinib,GDSC1,0.883443833076964
Quizartinib,NCI-H2452,3.380742,Quizartinib,GDSC1,0.9233911246668224
Quizartinib,NCI-H1793,3.814163,Quizartinib,GDSC1,0.9620588910257399
Quizartinib,NCI-H358,2.709731,Quizartinib,GDSC1,0.8635267051480088
Quizartinib,NCI-H1155,2.29534,Quizartinib,GDSC1,0.8265567051497663
Quizartinib,NCI-H1436,2.327862,Quizartinib,GDSC1,0.8294581637720406
Quizartinib,NCI-H28,3.062105,Quizartinib,GDSC1,0.8949638424878175
Quizartinib,NCI-H1581,1.399323,Quizartinib,GDSC1,0.7466183172783473
Quizartinib,NCI-H1573,1.881839,Quizartinib,GDSC1,0.7896661067311876
Quizartinib,NCI-H1666,3.094668,Quizartinib,GDSC1,0.8978689589356718
Quizartinib,NCI-H1703,-1.400099,Quizartinib,GDSC1,0.496867161159899
Quizartinib,NCI-H1755,1.789631,Quizartinib,GDSC1,0.7814397462169921
Quizartinib,NCI-H1993,0.194475,Quizartinib,GDSC1,0.6391274920483533
Quizartinib,NCI-H2081,1.410727,Quizartinib,GDSC1,0.7476357280811398
Quizartinib,NCI-H2196,0.663933,Quizartinib,GDSC1,0.681010308661588
Quizartinib,NCI-H524,1.645976,Quizartinib,GDSC1,0.7686235283219426
Quizartinib,NCI-H748,1.745878,Quizartinib,GDSC1,0.7775363110315681
Quizartinib,ONS-76,2.606225,Quizartinib,GDSC1,0.8542923906483741
Quizartinib,OPM-2,1.872926,Quizartinib,GDSC1,0.7888709311361957
Quizartinib,OS-RC-2,3.295735,Quizartinib,GDSC1,0.9158072032258388
Quizartinib,P12-ICHIKAWA,1.378182,Quizartinib,GDSC1,0.7447322175079303
Quizartinib,P30-OHK,0.46025,Quizartinib,GDSC1,0.6628386772563644
Quizartinib,P31-FUJ,1.784415,Quizartinib,GDSC1,0.7809743994310079
Quizartinib,PA-1,1.464659,Quizartinib,GDSC1,0.7524472853782461
Quizartinib,OCUB-M,0.909259,Quizartinib,GDSC1,0.702897131057752
Quizartinib,OC-314,2.284258,Quizartinib,GDSC1,0.8255680216600657
Quizartinib,PF-382,0.845521,Quizartinib,GDSC1,0.6972107289402157
Quizartinib,Raji,2.421375,Quizartinib,GDSC1,0.8378009501979901
Quizartinib,RCM-1,3.223727,Quizartinib,GDSC1,0.909382990924236
Quizartinib,RD,3.096462,Quizartinib,GDSC1,0.8980290111086119
Quizartinib,REH,1.077006,Quizartinib,GDSC1,0.7178627229497216
Quizartinib,RF-48,2.007278,Quizartinib,GDSC1,0.8008571794856141
Quizartinib,RKO,1.557368,Quizartinib,GDSC1,0.760718342736724
Quizartinib,RMG-I,2.886734,Quizartinib,GDSC1,0.8793180734684812
Quizartinib,RPMI-6666,1.047243,Quizartinib,GDSC1,0.7152074092244051
Quizartinib,RPMI-8402,0.416873,Quizartinib,GDSC1,0.6589687870079666
Quizartinib,RS4-11,1.366217,Quizartinib,GDSC1,0.7436647569453723
Quizartinib,RT-112,2.30198,Quizartinib,GDSC1,0.8271490944632126
Quizartinib,RVH-421,1.663515,Quizartinib,GDSC1,0.7701882747328664
Quizartinib,Saos-2,3.424218,Quizartinib,GDSC1,0.9272698472257669
Quizartinib,SAS,2.412209,Quizartinib,GDSC1,0.8369832031427116
Quizartinib,SCC-9,2.886277,Quizartinib,GDSC1,0.8792773020955529
Quizartinib,SCH,2.834865,Quizartinib,GDSC1,0.8746905672487302
Quizartinib,SF126,2.615836,Quizartinib,GDSC1,0.8551498384934846
Quizartinib,SH-4,2.295013,Quizartinib,GDSC1,0.8265275317603842
Quizartinib,SIG-M5,0.859989,Quizartinib,GDSC1,0.6985014952936707
Quizartinib,SJRH30,2.305481,Quizartinib,GDSC1,0.8274614370816427
Quizartinib,SJSA-1,2.744869,Quizartinib,GDSC1,0.8666615508853396
Quizartinib,SK-HEP-1,2.334318,Quizartinib,GDSC1,0.8300341374780058
Quizartinib,SK-LMS-1,2.326387,Quizartinib,GDSC1,0.8293265712664181
Quizartinib,SK-LU-1,2.977843,Quizartinib,GDSC1,0.8874463864140806
Quizartinib,SK-MEL-1,3.002512,Quizartinib,GDSC1,0.889647237614895
Quizartinib,SK-MEL-3,2.489002,Quizartinib,GDSC1,0.8438343104540794
Quizartinib,SK-MEL-24,3.064888,Quizartinib,GDSC1,0.8952121285509682
Quizartinib,SK-MEL-30,2.066071,Quizartinib,GDSC1,0.8061024121520973
Quizartinib,SK-MES-1,2.633804,Quizartinib,GDSC1,0.8567528582501115
Quizartinib,SK-MG-1,2.44173,Quizartinib,GDSC1,0.8396169267755804
Quizartinib,SK-PN-DW,1.852846,Quizartinib,GDSC1,0.7870794887545688
Quizartinib,SK-UT-1,1.788119,Quizartinib,GDSC1,0.7813048527468219
Quizartinib,SNG-M,2.391295,Quizartinib,GDSC1,0.8351173552358718
Quizartinib,SNU-387,2.908971,Quizartinib,GDSC1,0.88130195316172
Quizartinib,SNU-423,2.501367,Quizartinib,GDSC1,0.8449374571198572
Quizartinib,SNU-449,2.904669,Quizartinib,GDSC1,0.8809181491215927
Quizartinib,SNU-475,1.179056,Quizartinib,GDSC1,0.7269671400336367
Quizartinib,SNU-C2B,3.158152,Quizartinib,GDSC1,0.9035327003776635
Quizartinib,SU-DHL-1,1.297832,Quizartinib,GDSC1,0.7375637715236817
Quizartinib,SUP-T1,2.343969,Quizartinib,GDSC1,0.8308951539334382
Quizartinib,SW13,2.567362,Quizartinib,GDSC1,0.8508252180748104
Quizartinib,SW1088,2.358091,Quizartinib,GDSC1,0.8321550518076082
Quizartinib,SW1116,3.960267,Quizartinib,GDSC1,0.975093597087752
Quizartinib,SW1417,2.594545,Quizartinib,GDSC1,0.8532503564343601
Quizartinib,SW1463,4.222179,Quizartinib,GDSC1,0.9984601437539191
Quizartinib,SW1710,2.471905,Quizartinib,GDSC1,0.8423089971872133
Quizartinib,SW1783,2.279292,Quizartinib,GDSC1,0.8251249786885937
Quizartinib,SW48,2.670012,Quizartinib,GDSC1,0.8599831643135547
Quizartinib,SW626,1.928279,Quizartinib,GDSC1,0.7938092633149899
Quizartinib,SW684,3.340817,Quizartinib,GDSC1,0.9198292054892103
Quizartinib,SW837,3.271951,Quizartinib,GDSC1,0.913685307528398
Quizartinib,SW872,2.264091,Quizartinib,GDSC1,0.8237688175509886
Quizartinib,SW948,3.444383,Quizartinib,GDSC1,0.9290688729043279
Quizartinib,SW962,2.155506,Quizartinib,GDSC1,0.8140813787557224
Quizartinib,SW982,2.387102,Quizartinib,GDSC1,0.8347432756588717
Quizartinib,T84,1.179842,Quizartinib,GDSC1,0.7270372632264632
Quizartinib,TGBC1TKB,2.656244,Quizartinib,GDSC1,0.8587548486407343
Quizartinib,TGBC11TKB,2.499348,Quizartinib,GDSC1,0.8447573315138559
Quizartinib,THP-1,0.937793,Quizartinib,GDSC1,0.7054427992309262
Quizartinib,TUR,1.76285,Quizartinib,GDSC1,0.7790504723911781
Quizartinib,TYK-nu,1.894507,Quizartinib,GDSC1,0.7907962856201541
Quizartinib,U-2-OS,2.499541,Quizartinib,GDSC1,0.8447745500586593
Quizartinib,U-698-M,2.538946,Quizartinib,GDSC1,0.8482900773020858
Quizartinib,UACC-893,2.019856,Quizartinib,GDSC1,0.8019793290013562
Quizartinib,UMC-11,0.884687,Quizartinib,GDSC1,0.7007049337369685
Quizartinib,VMRC-RCZ,2.723397,Quizartinib,GDSC1,0.8647459208645083
Quizartinib,WM-115,0.49524,Quizartinib,GDSC1,0.6659603191355038
Quizartinib,WSU-NHL,2.166643,Quizartinib,GDSC1,0.8150749690846157
Quizartinib,YAPC,3.21041,Quizartinib,GDSC1,0.9081949113327957
Quizartinib,YH-13,1.649528,Quizartinib,GDSC1,0.768940420918533
Quizartinib,ZR-75-30,1.109257,Quizartinib,GDSC1,0.7207400042370645
Quizartinib,RCC10RGB,4.212594,Quizartinib,GDSC1,0.9976050155055182
Quizartinib,KURAMOCHI,2.762293,Quizartinib,GDSC1,0.8682160375415878
Quizartinib,KM-H2,1.178005,Quizartinib,GDSC1,0.726873374797427
Quizartinib,HuO-3N1,1.643285,Quizartinib,GDSC1,0.7683834500625323
Quizartinib,OE19,2.735055,Quizartinib,GDSC1,0.8657859923428453
Quizartinib,NCI-H838,2.665571,Quizartinib,GDSC1,0.8595869593525585
Quizartinib,Ramos-2G6-4C10,1.698086,Quizartinib,GDSC1,0.7732725354188833
Quizartinib,RPMI-8866,2.266095,Quizartinib,GDSC1,0.823947604928119
Quizartinib,QIMR-WIL,1.498475,Quizartinib,GDSC1,0.7554641885444359
Quizartinib,PSN1,2.020755,Quizartinib,GDSC1,0.8020595335183424
Quizartinib,OAW-42,2.998852,Quizartinib,GDSC1,0.8893207097704351
Quizartinib,OE33,2.374443,Quizartinib,GDSC1,0.8336138997072277
Quizartinib,CW-2,3.194278,Quizartinib,GDSC1,0.9067556907899469
Quizartinib,CHP-126,2.280529,Quizartinib,GDSC1,0.8252353379628005
Quizartinib,CGTH-W-1,-0.069415,Quizartinib,GDSC1,0.6155844776017649
Quizartinib,COLO-320-HSR,2.476671,Quizartinib,GDSC1,0.8427341971070755
Quizartinib,ATN-1,2.245523,Quizartinib,GDSC1,0.8221122686395321
Quizartinib,CESS,0.809157,Quizartinib,GDSC1,0.6939665052965167
Quizartinib,COLO-678,3.454311,Quizartinib,GDSC1,0.9299546019862397
Quizartinib,COLO-684,0.951249,Quizartinib,GDSC1,0.7066432797432355
Quizartinib,COLO-668,1.795117,Quizartinib,GDSC1,0.7819291811226499
Quizartinib,LN-405,2.283089,Quizartinib,GDSC1,0.8254637290234063
Quizartinib,TGBC24TKB,0.726609,Quizartinib,GDSC1,0.686601964175076
Quizartinib,A388,2.965702,Quizartinib,GDSC1,0.8863632239661059
Quizartinib,BFTC-909,2.34966,Quizartinib,GDSC1,0.8314028779669956
Quizartinib,C2BBe1,3.05203,Quizartinib,GDSC1,0.8940649987629723
Quizartinib,SCC-25,1.990268,Quizartinib,GDSC1,0.7993396279461981
Quizartinib,AsPC-1,2.941413,Quizartinib,GDSC1,0.8841962745633504
Quizartinib,CA46,0.878389,Quizartinib,GDSC1,0.700143056041775
Quizartinib,AU565,1.310749,Quizartinib,GDSC1,0.7387161650119025
Quizartinib,BALL-1,1.259178,Quizartinib,GDSC1,0.73411524493905
Quizartinib,BL-41,0.563242,Quizartinib,GDSC1,0.6720271351133617
Quizartinib,BV-173,0.94361,Quizartinib,GDSC1,0.7059617643869981
Quizartinib,IA-LM,2.940683,Quizartinib,GDSC1,0.8841311474249743
Quizartinib,TGW,2.124519,Quizartinib,GDSC1,0.8113168655545536
Quizartinib,AN3-CA,2.688658,Quizartinib,GDSC1,0.8616466720151391
Quizartinib,A204,-0.287635,Quizartinib,GDSC1,0.5961159239902809
Quizartinib,NY,2.918475,Quizartinib,GDSC1,0.882149854974219
Quizartinib,C3A,2.796551,Quizartinib,GDSC1,0.8712723738518353
Quizartinib,A427,2.32526,Quizartinib,GDSC1,0.8292260256705966
Quizartinib,CAL-85-1,2.782995,Quizartinib,GDSC1,0.8700629718137213
Quizartinib,CHL-1,2.206434,Quizartinib,GDSC1,0.8186249334176493
Quizartinib,RL,2.466826,Quizartinib,GDSC1,0.8418558728915817
Quizartinib,NCI-H1651,2.652386,Quizartinib,GDSC1,0.8584106561751805
Quizartinib,RPMI-7951,1.582433,Quizartinib,GDSC1,0.7629545231797259
Quizartinib,SCC-4,2.95389,Quizartinib,GDSC1,0.8853094133380295
Quizartinib,SNU-C1,3.810047,Quizartinib,GDSC1,0.9616916810236097
Quizartinib,ST486,0.981912,Quizartinib,GDSC1,0.7093788872007964
Quizartinib,SW1990,3.662788,Quizartinib,GDSC1,0.9485539313385509
Quizartinib,UACC-812,2.954305,Quizartinib,GDSC1,0.8853464376701199
Quizartinib,SCC-15,3.083728,Quizartinib,GDSC1,0.8968929440126141
Quizartinib,CAPAN-2,1.648201,Quizartinib,GDSC1,0.7688220322711018
Quizartinib,CAL-27,2.360686,Quizartinib,GDSC1,0.8323865654022456
Quizartinib,BC-3,1.762744,Quizartinib,GDSC1,0.779041015573825
Quizartinib,BC-1,0.893362,Quizartinib,GDSC1,0.7014788761005447
Quizartinib,A704,2.444237,Quizartinib,GDSC1,0.8398405894275096
Quizartinib,A101D,3.078655,Quizartinib,GDSC1,0.8964403550085308
Quizartinib,769-P,2.598202,Quizartinib,GDSC1,0.8535766166330458
Quizartinib,23132-87,2.219745,Quizartinib,GDSC1,0.8198124777175414
Quizartinib,A431,1.819398,Quizartinib,GDSC1,0.784095416803341
Quizartinib,BFTC-905,2.201994,Quizartinib,GDSC1,0.818228817671911
Quizartinib,CAL-51,1.981811,Quizartinib,GDSC1,0.7985851345088765
Quizartinib,SCC-3,1.420439,Quizartinib,GDSC1,0.748502186667313
Quizartinib,RERF-LC-MS,2.788701,Quizartinib,GDSC1,0.8705720340761497
Quizartinib,GAK,2.410166,Quizartinib,GDSC1,0.8368009363705171
Quizartinib,AM-38,1.897793,Quizartinib,GDSC1,0.7910894469581036
Quizartinib,A4-Fuk,2.463657,Quizartinib,GDSC1,0.8415731497388239
Quizartinib,A3-KAW,0.96748,Quizartinib,GDSC1,0.7080913325966312
Quizartinib,DOK,3.332811,Quizartinib,GDSC1,0.9191149481332689
Quizartinib,CHP-134,1.602692,Quizartinib,GDSC1,0.7647619350925434
Quizartinib,NEC8,2.002357,Quizartinib,GDSC1,0.8004181512007541
Quizartinib,CAS-1,2.161381,Quizartinib,GDSC1,0.8146055183967611
Quizartinib,ALL-PO,-3.641656,Quizartinib,GDSC1,0.296886074973036
Quizartinib,OCI-AML2,1.275175,Quizartinib,GDSC1,0.7355424214220623
Quizartinib,MFM-223,2.966142,Quizartinib,GDSC1,0.8864024786796476
Quizartinib,CAL-54,2.150128,Quizartinib,GDSC1,0.8136015790979341
Quizartinib,EFO-21,2.817968,Quizartinib,GDSC1,0.8731830970334739
Quizartinib,LS-1034,2.764119,Quizartinib,GDSC1,0.8683789446027855
Quizartinib,22RV1,2.809705,Quizartinib,GDSC1,0.8724459113562139
Quizartinib,8505C,2.338301,Quizartinib,GDSC1,0.8303894818508156
Quizartinib,B-CPAP,2.132798,Quizartinib,GDSC1,0.8120554786759425
Quizartinib,BPH-1,1.8122,Quizartinib,GDSC1,0.7834532453759033
Quizartinib,CAL-148,1.891188,Quizartinib,GDSC1,0.7905001801786891
Quizartinib,CAL-39,2.526539,Quizartinib,GDSC1,0.8471831835954702
Quizartinib,CaR-1,3.393269,Quizartinib,GDSC1,0.9245087242044039
Quizartinib,HDLM-2,2.641535,Quizartinib,GDSC1,0.8574425814100894
Quizartinib,HO-1-N-1,2.165926,Quizartinib,GDSC1,0.8150110017445945
Quizartinib,HTC-C3,2.436599,Quizartinib,GDSC1,0.8391591632865302
Quizartinib,KGN,1.970966,Quizartinib,GDSC1,0.7976175950353336
Quizartinib,KLE,3.387117,Quizartinib,GDSC1,0.9239598719368856
Quizartinib,KNS-81-FD,2.920136,Quizartinib,GDSC1,0.8822980415178387
Quizartinib,K5,2.396883,Quizartinib,GDSC1,0.8356158900978504
Quizartinib,L-363,1.331999,Quizartinib,GDSC1,0.7406119892454468
Quizartinib,MDA-MB-415,3.368266,Quizartinib,GDSC1,0.9222780751074013
Quizartinib,NCI-H1975,2.876956,Quizartinib,GDSC1,0.8784457266752767
Quizartinib,SW954,2.218563,Quizartinib,GDSC1,0.8197070252825273
Quizartinib,TE-441-T,2.164864,Quizartinib,GDSC1,0.8149162551405463
Quizartinib,MKN7,2.571321,Quizartinib,GDSC1,0.8511784212814268
Quizartinib,MDA-MB-157,2.252679,Quizartinib,GDSC1,0.8227506930261318
Quizartinib,MMAc-SF,1.398392,Quizartinib,GDSC1,0.7465352578731035
Quizartinib,MKN45,3.127378,Quizartinib,GDSC1,0.9007871900264591
Quizartinib,NCI-H810,1.614977,Quizartinib,GDSC1,0.7658579445376772
Quizartinib,MFH-ino,2.952791,Quizartinib,GDSC1,0.8852113657694335
Quizartinib,NOS-1,0.67097,Quizartinib,GDSC1,0.6816381164324797
Quizartinib,PANC-03-27,2.374589,Quizartinib,GDSC1,0.8336269251349028
Quizartinib,PANC-08-13,3.095481,Quizartinib,GDSC1,0.8979414909404657
Quizartinib,PANC-10-05,2.118855,Quizartinib,GDSC1,0.8108115503329631
Quizartinib,RL95-2,2.554705,Quizartinib,GDSC1,0.8496960205536822
Quizartinib,RO82-W-1,3.087485,Quizartinib,GDSC1,0.8972281257371048
Quizartinib,SiHa,3.106855,Quizartinib,GDSC1,0.8989562252855167
Quizartinib,SKG-IIIa,3.30383,Quizartinib,GDSC1,0.9165294007397466
Quizartinib,TT,3.6861,Quizartinib,GDSC1,0.9506337174341926
Quizartinib,VMRC-MELG,2.683518,Quizartinib,GDSC1,0.8611881055887666
Quizartinib,TE-9,2.746669,Quizartinib,GDSC1,0.866822138349828
Quizartinib,TE-11,2.415144,Quizartinib,GDSC1,0.8372450499250859
Quizartinib,TE-6,3.063749,Quizartinib,GDSC1,0.8951105123720503
Quizartinib,TE-12,3.276761,Quizartinib,GDSC1,0.9141144329196144
Quizartinib,YT,0.670769,Quizartinib,GDSC1,0.6816201841656119
Quizartinib,BT-474,1.456017,Quizartinib,GDSC1,0.7516762871181853
Quizartinib,OAW-28,2.95026,Quizartinib,GDSC1,0.8849855619513111
Quizartinib,LCLC-97TM1,2.333252,Quizartinib,GDSC1,0.8299390340129255
Quizartinib,KP-N-YS,0.995168,Quizartinib,GDSC1,0.7105615246614959
Quizartinib,D-247MG,0.161773,Quizartinib,GDSC1,0.6362099746796303
Quizartinib,D-263MG,2.898993,Quizartinib,GDSC1,0.8804117633169056
Quizartinib,D-336MG,2.385639,Quizartinib,GDSC1,0.8346127537363459
Quizartinib,D-392MG,1.352953,Quizartinib,GDSC1,0.7424814057626086
Quizartinib,D-423MG,2.432739,Quizartinib,GDSC1,0.8388147923904605
Quizartinib,D-502MG,3.4302,Quizartinib,GDSC1,0.9278035328994169
Quizartinib,D-566MG,1.973801,Quizartinib,GDSC1,0.797870520291903
Quizartinib,CAMA-1,2.862384,Quizartinib,GDSC1,0.8771456819349845
Quizartinib,CTB-1,2.735409,Quizartinib,GDSC1,0.8658175745441946
Quizartinib,Caov-4,1.65506,Quizartinib,GDSC1,0.769433959726061
Quizartinib,BT-483,3.004076,Quizartinib,GDSC1,0.8897867702784839
Quizartinib,M059J,2.69404,Quizartinib,GDSC1,0.8621268285339597
Quizartinib,HAL-01,0.258801,Quizartinib,GDSC1,0.6448663527376225
Quizartinib,OMC-1,2.478019,Quizartinib,GDSC1,0.8428544592749257
Quizartinib,ES8,0.951614,Quizartinib,GDSC1,0.7066758433124235
Quizartinib,ES4,2.285547,Quizartinib,GDSC1,0.825683020127691
Quizartinib,ES6,1.173161,Quizartinib,GDSC1,0.726441216087437
Quizartinib,ES1,1.807563,Quizartinib,GDSC1,0.7830395542243295
Quizartinib,EW-7,-0.224511,Quizartinib,GDSC1,0.601747547939375
Quizartinib,EW-3,1.075438,Quizartinib,GDSC1,0.7177228334251005
Quizartinib,EW-1,0.744106,Quizartinib,GDSC1,0.6881629635451619
Quizartinib,EW-18,1.761817,Quizartinib,GDSC1,0.7789583130296133
Quizartinib,EW-16,2.102584,Quizartinib,GDSC1,0.8093599288692456
Quizartinib,EW-13,2.077628,Quizartinib,GDSC1,0.8071334728893712
Quizartinib,EW-24,2.535157,Quizartinib,GDSC1,0.8479520406893377
Quizartinib,LAN-6,1.140267,Quizartinib,GDSC1,0.7235065693891685
Quizartinib,NB10,2.595765,Quizartinib,GDSC1,0.85335919904918
Quizartinib,NB12,0.588957,Quizartinib,GDSC1,0.6743213054740953
Quizartinib,NB6,2.927463,Quizartinib,GDSC1,0.8829517217135648
Quizartinib,NB7,1.462228,Quizartinib,GDSC1,0.7522304030859287
Quizartinib,NB17,0.233485,Quizartinib,GDSC1,0.6426077792648504
Quizartinib,NB5,1.657765,Quizartinib,GDSC1,0.7696752869990839
Quizartinib,NB13,1.41963,Quizartinib,GDSC1,0.7484300115235513
Quizartinib,NB14,2.280655,Quizartinib,GDSC1,0.8252465790853146
Quizartinib,NB1,1.951307,Quizartinib,GDSC1,0.7958637122773454
Quizartinib,RH-1,1.698567,Quizartinib,GDSC1,0.773315447958005
Quizartinib,MZ2-MEL,0.643337,Quizartinib,GDSC1,0.6791728312068077
Quizartinib,LS-180,2.890147,Quizartinib,GDSC1,0.8796225651442029
Quizartinib,BICR22,2.403294,Quizartinib,GDSC1,0.8361878491172035
Quizartinib,BICR78,2.569937,Quizartinib,GDSC1,0.8510549473642869
Quizartinib,CCK-81,0.517178,Quizartinib,GDSC1,0.667917523466586
Quizartinib,COLO-783,2.953974,Quizartinib,GDSC1,0.8853169074197056
Quizartinib,EN,2.802518,Quizartinib,GDSC1,0.8718047212966146
Quizartinib,ES-2,2.270599,Quizartinib,GDSC1,0.8243494304503725
Quizartinib,FU-OV-1,2.438873,Quizartinib,GDSC1,0.8393620387833339
Quizartinib,G-MEL,2.1358,Quizartinib,GDSC1,0.8123233028806061
Quizartinib,NCI-H2591,3.127536,Quizartinib,GDSC1,0.900801286037231
Quizartinib,NCI-H2595,3.346429,Quizartinib,GDSC1,0.920329881517382
Quizartinib,NCI-H2731,2.168296,Quizartinib,GDSC1,0.815222441906171
Quizartinib,NCI-H2803,2.96488,Quizartinib,GDSC1,0.8862898890239895
Quizartinib,NCI-H2804,2.107608,Quizartinib,GDSC1,0.8098081463256845
Quizartinib,NCI-H2869,2.600769,Quizartinib,GDSC1,0.8538056322004581
Quizartinib,NCI-H290,0.97705,Quizartinib,GDSC1,0.7089451226161615
Quizartinib,NCI-H3118,2.53079,Quizartinib,GDSC1,0.8475624376574371
Quizartinib,NCI-H513,2.664904,Quizartinib,GDSC1,0.8595274527754397
Quizartinib,HARA,2.815498,Quizartinib,GDSC1,0.8729627353460926
Quizartinib,HCC-15,2.879364,Quizartinib,GDSC1,0.878660557016659
Quizartinib,HCC-44,2.163226,Quizartinib,GDSC1,0.8147701205478619
Quizartinib,HCC-827,2.872675,Quizartinib,GDSC1,0.8780637961555684
Quizartinib,Hep3B2-1-7,2.328472,Quizartinib,GDSC1,0.8295125850794506
Quizartinib,Hs-633T,1.957088,Quizartinib,GDSC1,0.7963794656841275
Quizartinib,Hs-683,2.271655,Quizartinib,GDSC1,0.8244436417628723
Quizartinib,Hs-746T,3.273859,Quizartinib,GDSC1,0.9138555302407558
Quizartinib,IGR-37,2.320097,Quizartinib,GDSC1,0.828765407293289
Quizartinib,IHH-4,1.860201,Quizartinib,GDSC1,0.7877356669775202
Quizartinib,IM-95,1.855629,Quizartinib,GDSC1,0.7873277748177195
Quizartinib,JHH-2,2.713683,Quizartinib,GDSC1,0.863879283847819
Quizartinib,JHH-4,0.796576,Quizartinib,GDSC1,0.6928440881350004
Quizartinib,JHH-6,2.692446,Quizartinib,GDSC1,0.8619846194126293
Quizartinib,JHH-7,2.375161,Quizartinib,GDSC1,0.833677956262507
Quizartinib,JHU-011,2.291389,Quizartinib,GDSC1,0.8262042156652141
Quizartinib,JHU-022,3.09641,Quizartinib,GDSC1,0.8980243719151934
Quizartinib,KYM-1,2.265291,Quizartinib,GDSC1,0.8238758758606476
Quizartinib,KYSE-220,2.469221,Quizartinib,GDSC1,0.8420695434346094
Quizartinib,LN-18,1.930873,Quizartinib,GDSC1,0.7940406876943693
Quizartinib,LN-229,2.365557,Quizartinib,GDSC1,0.832821132924203
Quizartinib,LNZTA3WT4,2.424045,Quizartinib,GDSC1,0.8380391549369813
Quizartinib,MDA-MB-436,3.353768,Quizartinib,GDSC1,0.9209846322962048
Quizartinib,MDST8,2.311946,Quizartinib,GDSC1,0.8280382137249304
Quizartinib,MFE-319,2.395371,Quizartinib,GDSC1,0.8354809966276802
Quizartinib,ML-1,2.888111,Quizartinib,GDSC1,0.8794409228788148
Quizartinib,MS751,2.233476,Quizartinib,GDSC1,0.8210374924258141
Quizartinib,NB(TU)1-10,2.462647,Quizartinib,GDSC1,0.8414830423281943
Quizartinib,NCI-H1836,2.675436,Quizartinib,GDSC1,0.8604670678732135
Quizartinib,NCI-H1869,2.530212,Quizartinib,GDSC1,0.8475108712382846
Quizartinib,NCI-H1915,2.581892,Quizartinib,GDSC1,0.8521215157742643
Quizartinib,NCI-H1944,2.160547,Quizartinib,GDSC1,0.8145311128715482
Quizartinib,NCI-H196,1.38084,Quizartinib,GDSC1,0.7449693516638249
Quizartinib,NCI-H2023,2.133829,Quizartinib,GDSC1,0.8121474596069911
Quizartinib,NCI-H211,1.162431,Quizartinib,GDSC1,0.7254839363685697
Quizartinib,NCI-H3122,2.601073,Quizartinib,GDSC1,0.853832753638905
Quizartinib,NCI-H647,1.940142,Quizartinib,GDSC1,0.7948676239212269
Quizartinib,NCI-H841,1.766234,Quizartinib,GDSC1,0.7793523768244164
Quizartinib,NCI-H847,0.90581,Quizartinib,GDSC1,0.7025894276327405
Quizartinib,OSC-20,2.705553,Quizartinib,GDSC1,0.8631539637998795
Quizartinib,OV-90,1.721339,Quizartinib,GDSC1,0.7753470578143001
Quizartinib,OVISE,3.248666,Quizartinib,GDSC1,0.9116079302447236
Quizartinib,OVKATE,2.293186,Quizartinib,GDSC1,0.8263645354839284
Quizartinib,OVMIU,2.500862,Quizartinib,GDSC1,0.8448924034145423
Quizartinib,PA-TU-8988T,2.455613,Quizartinib,GDSC1,0.8408555022030767
Quizartinib,PC-3_[JPC-3],3.161502,Quizartinib,GDSC1,0.9038315714921281
Quizartinib,PCI-15A,1.827431,Quizartinib,GDSC1,0.7848120829712498
Quizartinib,PCI-38,1.996222,Quizartinib,GDSC1,0.7998708155926227
Quizartinib,PCI-6A,2.259996,Quizartinib,GDSC1,0.8234034810692774
Quizartinib,PE-CA-PJ15,2.627308,Quizartinib,GDSC1,0.8561733159338243
Quizartinib,RERF-GC-1B,2.713802,Quizartinib,GDSC1,0.8638899004635269
Quizartinib,RH-41,1.907943,Quizartinib,GDSC1,0.7919949818273024
Quizartinib,SISO,2.160808,Quizartinib,GDSC1,0.8145543980538991
Quizartinib,SKN,1.729897,Quizartinib,GDSC1,0.7761105619926847
Quizartinib,SNU-398,1.506827,Quizartinib,GDSC1,0.7562093143796623
Quizartinib,SU8686,2.974934,Quizartinib,GDSC1,0.8871868592284157
Quizartinib,SUIT-2,2.580436,Quizartinib,GDSC1,0.8519916183585448
Quizartinib,SW156,2.78781,Quizartinib,GDSC1,0.8704925432812277
Quizartinib,TC-71,0.59234,Quizartinib,GDSC1,0.6746231206920756
Quizartinib,TOV-21G,2.670811,Quizartinib,GDSC1,0.8600544473047361
Quizartinib,TT2609-C02,2.642984,Quizartinib,GDSC1,0.8575718543190027
Quizartinib,VMRC-RCW,2.447511,Quizartinib,GDSC1,0.8401326801823624
Quizartinib,WM278,2.775839,Quizartinib,GDSC1,0.8694245474271215
Quizartinib,SUP-B15,0.203682,Quizartinib,GDSC1,0.6399488969292118
Quizartinib,H3255,2.649075,Quizartinib,GDSC1,0.8581152644557799
Quizartinib,451Lu,2.6451,Quizartinib,GDSC1,0.8577606338050346
Quizartinib,OCI-AML3,1.631297,Quizartinib,GDSC1,0.7673139375490391
Quizartinib,ASH-3,2.47479,Quizartinib,GDSC1,0.842566383206685
Quizartinib,BICR10,2.684293,Quizartinib,GDSC1,0.8612572474137546
Quizartinib,BICR31,2.47383,Quizartinib,GDSC1,0.8424807365589579
Quizartinib,CAL-29,1.952151,Quizartinib,GDSC1,0.7959390099551389
Quizartinib,CAL-78,2.707008,Quizartinib,GDSC1,0.863283772000341
Quizartinib,CHSA0011,2.307962,Quizartinib,GDSC1,0.8276827801368625
Quizartinib,CHSA0108,2.836285,Quizartinib,GDSC1,0.87481725291516
Quizartinib,CL-11,3.392488,Quizartinib,GDSC1,0.9244390470878675
Quizartinib,CS1,2.366656,Quizartinib,GDSC1,0.832919180492799
Quizartinib,DAN-G,2.204149,Quizartinib,GDSC1,0.8184210765530069
Quizartinib,EFM-192A,2.658962,Quizartinib,GDSC1,0.8589973357121118
Quizartinib,FU97,1.52258,Quizartinib,GDSC1,0.7576147223397105
Quizartinib,G-292-Clone-A141B1,2.909638,Quizartinib,GDSC1,0.8813614597388388
Quizartinib,NCI-H2369,2.543257,Quizartinib,GDSC1,0.8486746842795357
Quizartinib,NCI-H2373,3.167274,Quizartinib,GDSC1,0.9043465219615878
Quizartinib,NCI-H2461,3.047811,Quizartinib,GDSC1,0.893688599589263
Quizartinib,NCI-H2722,3.115728,Quizartinib,GDSC1,0.8997478322701867
Quizartinib,NCI-H2795,2.445984,Quizartinib,GDSC1,0.8399964484833214
Quizartinib,NCI-H2818,2.091869,Quizartinib,GDSC1,0.8084039873792491
Quizartinib,HCC1428,1.205766,Quizartinib,GDSC1,0.7293500795761293
Quizartinib,HCC-78,2.436778,Quizartinib,GDSC1,0.8391751328177209
Quizartinib,HDQ-P1,3.103235,Quizartinib,GDSC1,0.8986332660513788
Quizartinib,ALL-SIL,0.325151,Quizartinib,GDSC1,0.6507857851091832
Quizartinib,AMO-1,0.706759,Quizartinib,GDSC1,0.6848310413028005
Quizartinib,COR-L303,1.783771,Quizartinib,GDSC1,0.7809169448048243
Quizartinib,COR-L95,2.788645,Quizartinib,GDSC1,0.8705670380216989
Quizartinib,DND-41,0.238241,Quizartinib,GDSC1,0.6430320870321321
Quizartinib,EJM,1.533351,Quizartinib,GDSC1,0.7585756598841579
Quizartinib,Farage,1.505164,Quizartinib,GDSC1,0.7560609494055266
Quizartinib,HeLa,1.846639,Quizartinib,GDSC1,0.7865257296478578
Quizartinib,HPAC,3.350781,Quizartinib,GDSC1,0.9207181463204119
Quizartinib,Hs-766T,3.533073,Quizartinib,GDSC1,0.9369813741407064
Quizartinib,Hs-939-T,2.932809,Quizartinib,GDSC1,0.8834286664830955
Quizartinib,Hs-940-T,1.670897,Quizartinib,GDSC1,0.7708468617677852
Quizartinib,huH-1,3.098753,Quizartinib,GDSC1,0.8982334032648025
Quizartinib,JHH-1,2.65335,Quizartinib,GDSC1,0.8584966596839401
Quizartinib,JIMT-1,2.688921,Quizartinib,GDSC1,0.8616701356280061
Quizartinib,K2,2.640677,Quizartinib,GDSC1,0.8573660347186832
Quizartinib,KMH-2,2.029612,Quizartinib,GDSC1,0.8028497130588835
Quizartinib,KMRC-1,2.8262,Quizartinib,GDSC1,0.8739175170377343
Quizartinib,KMRC-20,2.809564,Quizartinib,GDSC1,0.872433332004829
Quizartinib,KON,2.319091,Quizartinib,GDSC1,0.8286756567436915
Quizartinib,KP-2,2.773433,Quizartinib,GDSC1,0.8692098955162553
Quizartinib,KP-3,2.630007,Quizartinib,GDSC1,0.8564141079152989
Quizartinib,KYSE-50,2.23044,Quizartinib,GDSC1,0.820766634902377
Quizartinib,LC-1-sq,2.843605,Quizartinib,GDSC1,0.8754703086040797
Quizartinib,LOU-NH91,2.610195,Quizartinib,GDSC1,0.8546465752228293
Quizartinib,NCI-H1435,3.042037,Quizartinib,GDSC1,0.8931734706892873
Quizartinib,NCI-H1568,2.811642,Quizartinib,GDSC1,0.872618721311055
Quizartinib,NCI-H1688,1.39039,Quizartinib,GDSC1,0.7458213573781942
Quizartinib,NCI-H1781,2.66527,Quizartinib,GDSC1,0.8595601055598858
Quizartinib,NCI-H2110,2.404152,Quizartinib,GDSC1,0.8362643958086096
Quizartinib,NCI-H2135,2.045814,Quizartinib,GDSC1,0.8042951786697957
Quizartinib,NCI-H2172,1.078994,Quizartinib,GDSC1,0.7180400828827234
Quizartinib,NCI-H2444,3.045552,Quizartinib,GDSC1,0.89348706232133
Quizartinib,NUGC-4,2.58568,Quizartinib,GDSC1,0.8524594631717545
Quizartinib,OCUM-1,2.970584,Quizartinib,GDSC1,0.8867987728559018
Quizartinib,OE21,2.790059,Quizartinib,GDSC1,0.8706931883965804
Quizartinib,OSC-19,2.519375,Quizartinib,GDSC1,0.8465440454868061
Quizartinib,OVTOKO,2.852922,Quizartinib,GDSC1,0.8763015271633237
Quizartinib,PANC-02-03,2.892697,Quizartinib,GDSC1,0.8798500640522283
Quizartinib,PANC-04-03,2.440926,Quizartinib,GDSC1,0.8395451977081089
Quizartinib,PA-TU-8902,3.11926,Quizartinib,GDSC1,0.9000629405616163
Quizartinib,PCI-30,2.981486,Quizartinib,GDSC1,0.8877713975991536
Quizartinib,PCI-4B,2.661562,Quizartinib,GDSC1,0.8592292953830395
Quizartinib,PL4,2.803164,Quizartinib,GDSC1,0.8718623543533144
Quizartinib,QGP-1,3.084013,Quizartinib,GDSC1,0.8969183703611581
Quizartinib,RERF-LC-KJ,1.875966,Quizartinib,GDSC1,0.7891421455206651
Quizartinib,RERF-LC-Sq1,3.450474,Quizartinib,GDSC1,0.9296122830411051
Quizartinib,RKN,2.415567,Quizartinib,GDSC1,0.8372827879792406
Quizartinib,SAT,3.149583,Quizartinib,GDSC1,0.9027682148314403
Quizartinib,SKN-3,2.88498,Quizartinib,GDSC1,0.879161589905863
Quizartinib,SW1271,2.824356,Quizartinib,GDSC1,0.8737530041018918
Quizartinib,T-T,2.473856,Quizartinib,GDSC1,0.8424830561556672
Quizartinib,TMK-1,2.818618,Quizartinib,GDSC1,0.8732410869512058
Quizartinib,TOV-112D,0.470782,Quizartinib,GDSC1,0.6637782923541379
Quizartinib,VCaP,1.585852,Quizartinib,GDSC1,0.7632595501469959
Quizartinib,WM1552C,2.320821,Quizartinib,GDSC1,0.8288299991401165
Quizartinib,WM35,2.264459,Quizartinib,GDSC1,0.8238016487659506
Quizartinib,WM793B,1.998913,Quizartinib,GDSC1,0.800110893852033
Quizartinib,GRANTA-519,2.121785,Quizartinib,GDSC1,0.8110729510390473
Quizartinib,HCC1500,1.660636,Quizartinib,GDSC1,0.769931424004943
Quizartinib,HCC-33,2.490498,Quizartinib,GDSC1,0.8439677764801209
Quizartinib,YMB-1-E,2.359118,Quizartinib,GDSC1,0.8322466758776246
Quizartinib,CHSA8926,2.809516,Quizartinib,GDSC1,0.8724290496724425
Quizartinib,COR-L321,1.005016,Quizartinib,GDSC1,0.7114401165227638
Quizartinib,Hs-445,2.16994,Quizartinib,GDSC1,0.8153691117904037
Quizartinib,HSC-39,1.204629,Quizartinib,GDSC1,0.7292486418277274
Quizartinib,NB4,1.121635,Quizartinib,GDSC1,0.7218443107011968
Quizartinib,JJN-3,1.576945,Quizartinib,GDSC1,0.7624649098435521
Quizartinib,JM1,1.873391,Quizartinib,GDSC1,0.7889124162311885
Quizartinib,JSC-1,0.801071,Quizartinib,GDSC1,0.6932451107199313
Quizartinib,JURL-MK1,1.482721,Quizartinib,GDSC1,0.7540586913691297
Quizartinib,KARPAS-231,-0.006124,Quizartinib,GDSC1,0.6212310004989533
Quizartinib,KARPAS-620,1.446969,Quizartinib,GDSC1,0.7508690674633568
Quizartinib,KCL-22,1.494032,Quizartinib,GDSC1,0.7550678051529235
Quizartinib,KOPN-8,0.410474,Quizartinib,GDSC1,0.6583978985717102
Quizartinib,L-1236,2.19385,Quizartinib,GDSC1,0.8175022486103588
Quizartinib,MDA-MB-330,1.364553,Quizartinib,GDSC1,0.7435163027559786
Quizartinib,ME-1,2.84358,Quizartinib,GDSC1,0.8754680782226285
Quizartinib,MOLM-13,-6.969406,Quizartinib,GDSC1,0.0
Quizartinib,MOLP-8,1.256416,Quizartinib,GDSC1,0.7338688323963184
Quizartinib,MY-M12,0.495463,Quizartinib,GDSC1,0.6659802141380488
Quizartinib,NCI-H1876,2.275146,Quizartinib,GDSC1,0.8247550922287219
Quizartinib,NU-DUL-1,1.651016,Quizartinib,GDSC1,0.7690731732225102
Quizartinib,OCI-AML5,-1.188141,Quizartinib,GDSC1,0.5157770488254793
Quizartinib,OCI-LY-19,1.729685,Quizartinib,GDSC1,0.7760916483579782
Quizartinib,OCI-M1,0.273407,Quizartinib,GDSC1,0.6461694307966882
Quizartinib,P32-ISH,0.739416,Quizartinib,GDSC1,0.6877445439849114
Quizartinib,PL-21,2.470829,Quizartinib,GDSC1,0.8422130015695525
Quizartinib,RC-K8,2.361488,Quizartinib,GDSC1,0.8324581160392011
Quizartinib,ROS-50,2.912084,Quizartinib,GDSC1,0.881579680260027
Quizartinib,SC-1,1.25922,Quizartinib,GDSC1,0.7341189919798882
Quizartinib,SLVL,2.198122,Quizartinib,GDSC1,0.8178833761927448
Quizartinib,SU-DHL-10,0.36977,Quizartinib,GDSC1,0.6547664807080779
Quizartinib,SU-DHL-16,1.355014,Quizartinib,GDSC1,0.7426652784094477
Quizartinib,SU-DHL-4,1.186652,Quizartinib,GDSC1,0.7276448191337779
Quizartinib,SU-DHL-5,0.406982,Quizartinib,GDSC1,0.6580863588906025
Quizartinib,SU-DHL-6,0.448478,Quizartinib,GDSC1,0.6617884352386098
Quizartinib,SU-DHL-8,1.39883,Quizartinib,GDSC1,0.746574334156129
Quizartinib,SUP-HD1,0.827172,Quizartinib,GDSC1,0.695573718170272
Quizartinib,SUP-M2,1.399112,Quizartinib,GDSC1,0.7465994928588988
Quizartinib,TK,2.156644,Quizartinib,GDSC1,0.8141829057193822
Quizartinib,VAL,2.114978,Quizartinib,GDSC1,0.8104656627775068
Quizartinib,WIL2-NS,0.810779,Quizartinib,GDSC1,0.6941112124450723
Quizartinib,WSU-DLCL2,2.155461,Quizartinib,GDSC1,0.8140773640691102
Quizartinib,DOV13,2.795696,Quizartinib,GDSC1,0.8711960948062034
Quizartinib,Hey,2.2565,Quizartinib,GDSC1,0.8230915845271376
Quizartinib,JHOS-2,2.940014,Quizartinib,GDSC1,0.8840714624173396
Quizartinib,JHOS-3,1.942339,Quizartinib,GDSC1,0.7950636298431607
Quizartinib,OV-7,1.983664,Quizartinib,GDSC1,0.7987504503820416
Quizartinib,OV-17R,3.126043,Quizartinib,GDSC1,0.9006680876569636
Quizartinib,OV-56,2.471405,Quizartinib,GDSC1,0.8422643895581887
Quizartinib,OVCA420,3.482045,Quizartinib,GDSC1,0.9324288979529747
Quizartinib,OVCA433,2.555532,Quizartinib,GDSC1,0.849769801572089
Quizartinib,OVK-18,2.823386,Quizartinib,GDSC1,0.8736664653015841
Quizartinib,PEO1,2.704379,Quizartinib,GDSC1,0.8630492250869298
Quizartinib,UWB1.289,3.075019,Quizartinib,GDSC1,0.8961159683302642
Quizartinib,FLO-1,2.806915,Quizartinib,GDSC1,0.8721970007862566
Quizartinib,OACp4C,2.774639,Quizartinib,GDSC1,0.8693174891174625
Quizartinib,OACM5-1,-0.826359,Quizartinib,GDSC1,0.5480535233130144
Quizartinib,SK-GT-4,2.942026,Quizartinib,GDSC1,0.8842509635165344
Quizartinib,ESO26,2.254797,Quizartinib,GDSC1,0.8229396509426798
Quizartinib,ESO51,3.694699,Quizartinib,GDSC1,0.9514008794381571
Quizartinib,KYAE-1,-0.394722,Quizartinib,GDSC1,0.5865621296515724
Quizartinib,EMC-BAC-1,2.176785,Quizartinib,GDSC1,0.8159797902317502
Quizartinib,EMC-BAC-2,2.544703,Quizartinib,GDSC1,0.8488036895426748
Quizartinib,TE-4,2.183042,Quizartinib,GDSC1,0.8165380101013636
Quizartinib,NCC021,2.727052,Quizartinib,GDSC1,0.8650720026326779
Quizartinib,RCC-FG2,2.809213,Quizartinib,GDSC1,0.8724020174492537
Quizartinib,RCC-JF,2.346251,Quizartinib,GDSC1,0.8310987431523063
Quizartinib,RCC-JW,2.677111,Quizartinib,GDSC1,0.8606165034304456
Quizartinib,RCC-ER,3.018276,Quizartinib,GDSC1,0.8910536269427816
Quizartinib,RCC-AB,1.984776,Quizartinib,GDSC1,0.7988496577489922
Quizartinib,RCC-MF,2.409553,Quizartinib,GDSC1,0.8367462474173331
Quizartinib,KMS-11,1.569631,Quizartinib,GDSC1,0.7618123894461808
Quizartinib,SNU-1040,1.434696,Quizartinib,GDSC1,0.7497741286013195
Quizartinib,SNU-175,-0.075573,Quizartinib,GDSC1,0.6150350900426983
Quizartinib,SNU-407,1.395847,Quizartinib,GDSC1,0.7463082050413685
Quizartinib,SNU-61,2.737634,Quizartinib,GDSC1,0.8660160784933539
Quizartinib,SNU-81,1.961469,Quizartinib,GDSC1,0.7967703177296409
Quizartinib,SNU-C5,2.630696,Quizartinib,GDSC1,0.8564755772280946
